address,
"0x003addda0586e9cc879cdc96c405af660250348f",""
"0x00694c3754be9e16385e876f52481cf78aa1b3cc",""
"0x00afe19b88a3f1e4187ba3b87cc117346a019a7e",""
"0x0111abec006bcb8245dd0913e3ddf4501b03b8b7",""
"0x013e4ad34427d9ce285e43e1c76bb910409d7029",""
"0x014b1ef8c2f8fc482e2c7078cad76d728c16a925",""
"0x0172c057b707f91a8c5f42a4440a34a7ad5586b6",""
"0x01d8c737cf92baad532a9f5d5efb3193d639a9e2",""
"0x021389a7784176d43a0ba233150cbd2b1f8f5c3d",""
"0x028e56cb58f29af9198e0b446a5014265623360e",""
"0x02fc158ead1bad19985a703dc4eab5d38759031e",""
"0x032dacada0834e3239662ed4a6eaf038260b6920",""
"0x0364723830e1ecd45a3695a3f441bef4370f9034",""
"0x052d127b07da6d18182b8dbe96bf2f814f74f7a3",""
"0x0614b075568a23738a6f7ff19929353343b1c126",""
"0x06ab16c6e83671013734497d68bcac901eb717f0",""
"0x073bd72a224946a368148399c1c8b558605d90bd",""
"0x074c9ffd5b2324db3222f25213bc01d974aff0d1",""
"0x077ce93004a560c3240a00594c09e3850f181566",""
"0x0792e49693dde0f434b69052138782dc86c15dbe",""
"0x07a665da82edb0e7d6bae996e4a63111079551d7",""
"0x09bf438b8125e16ec5a092403daedb719ffbee91",""
"0x0a36a74b4d2cb81253fcbc24f1d2c1fd693f5fb2",""
"0x0a7693b4e0fb722b36c06cb6e44b25582e0661b7",""
"0x0aba973ba5fac4fc20c3ad7047fbc992611583d4",""
"0x0baea6c6dce4b98edef16fa6f5ab95ec332c2e12",""
"0x0bc661c904ee660424a888967192f0329602bc40",""
"0x0c00233948c224830fbb5993d1c41095181a9558",""
"0x0cf603c60a2c058857210cbc539f19e48779b7fe",""
"0x0d12338ea5db8c1732efb9031ca4853c1128b1f0",""
"0x0d52de5d522695936df0001b75706075ce4c98fc",""
"0x0d61f6f25e12d74b8ea7bc9a83526441be832f61",""
"0x0d778766a717b48df689579ea0979b1e564e3122",""
"0x0e489f7cddbfd9065313409190573fb3d6681121",""
"0x0eaea94b84ef62fa7e30624041051537561ea470",""
"0x0eba3c1e84866a65d99b116b2b3ea4529da8916f",""
"0x0ed5186dabe61c3c601702cac2dd8af4ddcd1bc9",""
"0x0f866fa28b368583f04bf7e663b63e3e2b51f9c4",""
"0x0facbd3cdf1e8556c2408d9cafe872e9f9a9ea1d",""
"0x0fb6b07c2e7e9eada6548b3da9997a19a9658841",""
"0x0fbb6aadfdc2d7cfaaf13b1a919fd6afcf23937b",""
"0x0fd396301c2f65245c5656a3af23270059df8a23",""
"0x10421b0362824d4f82cd5c8cbade9d7389fb1464",""
"0x10495e143d79296d5222497b7245294dc9e2d596",""
"0x11f265a2fb4d768597eae9212dcd6f1b878417f3",""
"0x12924049e2d21664e35387c69429c98e9891a820",""
"0x1312572dd2322ec143b56d5f2aa2e755e41baf35",""
"0x134f5a1e7aa655ce6104694a59c58e23cb28a9d8",""
"0x135d94fca9769bd38606f030c079cae200f29e15",""
"0x1491390fc8a78c09c1d2887f91c01ba85508a703",""
"0x14acb3fa3f52efe9f66ea068b00b18083ebef92f",""
"0x14d4bbd7e540e12db831d337f5938090bd97a18a",""
"0x152d1f34210bda2c1e5fc695e14f595322b6f589",""
"0x157e14aeaa74da672e1c6c36d4d86dc29cc436cd",""
"0x1604efa11c5b7392bfd161f6194eb7d636e01c31",""
"0x163819612f2177b0c09900d8968fec8f6222d29c",""
"0x16d30d38ebe5e7211d5382b7f6d3364e311badf3",""
"0x170c2001b1f97945407714a0ebfe169f45b02e42",""
"0x1788285dcf1f93d912a98b315bde81e6cd4f2f01",""
"0x17cf10775dc26469b9bb4dcc51ca30b441ea9a44",""
"0x17e78bde92c171a7d8b28d9290d2f358755be109",""
"0x191b9d502d0dc49deb19871cb96b8c53b01bcbc4",""
"0x194523c2f19553f65edb9cfa77cc0c4c037247d9",""
"0x19642c26314f0b90a36d19097114ab5f15bb2041",""
"0x1a80638251614bfcac26a81b370eb157f3aa5e50",""
"0x1a92ade6b69a1f54b45fc9af85197580c3f3cc59",""
"0x1c28bcd3f0b3973da79170d2e836488b26afffc6",""
"0x1c96e6437ae8e6901657dc63f84006192423dea5",""
"0x1cd9053c0b9a4275eff8e504d0bc8518641fda50",""
"0x1d00bf3ef4e86ed5b3d05b534d19608d4da1c034",""
"0x1e0a32f18c1e75be00b2a2d118d5278714755d17",""
"0x1e2c165400d6ea634771f4c2b3892515a1b6725b",""
"0x1ec34dcae202dba14ec450b80f7450d3a8511785",""
"0x1ee99d99b2f68570980cf39a6901412384291070",""
"0x1efb5ed58f9787ecf70724a7056f7fb950675485",""
"0x1fea22fa1a2bf9a277bd87418251475fbe64425e",""
"0x200b84a4a15ad845edb8ce10a4ee527ee9233f3d",""
"0x20313bf6f3071fae1f44e23f1aed6950030bd1db",""
"0x20a536d0b221218039d1b5b7cbc1765825a5e05d",""
"0x21584c9cd0a81730c585ddb80e79ac8bfeb97cd4",""
"0x217cdd80d8edadbe192d9e6eab2973f53497d79e",""
"0x21bf63c0418d4f1d13f884c50498b2259b321b43",""
"0x21e9cfa5b08f7bc37188af33f0e610b2a5238c3f",""
"0x2265b56a455f42b9949f9c29d85e17d257ca9045",""
"0x226a659effb7357f6d9027a10631e74aaaed5568",""
"0x2345dd504cd09f6613ac8a8b1d5c855315183daf",""
"0x23802f9121f560178195deaa9d8b87d77853d332",""
"0x23d87077274cdb2adcf2d514e9d9c01986435e46",""
"0x24bacc89dbf3a2f8d2508f47bb49cf3041979eb6",""
"0x24cf342d37fdf88684fafa9805fbb18104fe0e17",""
"0x24e5370b8b315ac5a94dd79cde0608b42fca27c2",""
"0x25009af23c98a4d15376e93441c4a444f76e9bf4",""
"0x25c713f41b03e0b28d7125d7054c9a5c54046af4",""
"0x25d165d33f9f3f8e557422c1fbe8215889f4ddbf",""
"0x25db7a21c8842b0c4819c15e4432b7c7766890a6",""
"0x268703ed376f7ef210bba3a8c4bc7b75ad63c630",""
"0x26925174ef221cc92087b79e7e646baff0825a08",""
"0x26b9f496097bf018ec085e4c23809868f09c409f",""
"0x26f381180b6694a516d7153504af4f4eb15a3f15",""
"0x272c17a859feea0b708b5954cb8c00ed2af1e2b3",""
"0x2780ba529e1b7843b5a502e977d97705caf3d81e",""
"0x2799aaa2c28425b6554914c459da470c5198bc4f",""
"0x279e03847ca943e6504f284f06b2c4b979ce0198",""
"0x27d4d25755c581e263fdfb5f4d3bae930e983ff0",""
"0x288a4e70eba5d4f92e28f8ccc561e9fc947304a1",""
"0x288defd9900802ce74c8e7a0650af10b267ffc52",""
"0x289a02ec10f192421810bad7da26f911ba583d44",""
"0x28a0eddb814da651c260e9eab45ccbf75016a4cd",""
"0x28fce3c6e4f6c0077c09a77186481187df15a030",""
"0x290db8d204833ea62e25d581cbb472cfe09b876d",""
"0x29168cce1a88138e9cdd3aeb509f1dfc6e21a857",""
"0x29445356e41af0232f33c2594cb39b9e20d72341",""
"0x2988cbe3840f4dcdb81567dd0364935bc29f8295",""
"0x299eb4f17e649c226feb77895c5368bfc4b2403c",""
"0x29d1b045c176384abe102ff1f5b8382024cb1eca",""
"0x29f2e1589f6c2fe231a33c458f1da786509449ad",""
"0x2a4f13e61913f630a4294bbfa5c5632df44dbded",""
"0x2aa2fbe2b1588606594fbd60266a16d481e1d924",""
"0x2ac04e09e1aa339ce25cfef14b090ed88b3a691f",""
"0x2b062e868df35d6b9749e3d9062ab2313b3c1a5f",""
"0x2b39399cb22f7e2e7b450196f915817dfa6e976c",""
"0x2b3cf70d77052cc4e352d6ebf9ce887b225413f9",""
"0x2b5a0be5940b63de1eddccca7bd977357e2488ed",""
"0x2b627811b0c56bbbb86195affae6702242cf5c82",""
"0x2c21e5bdf5a29c6d6dc89838c4815b539f9f8b89",""
"0x2c9e70dfeb48aa32b9ad7da92e79db921819dfc5",""
"0x2d56f1dd1f2df324c57457f0134a4279d76b65e3",""
"0x2ec0857cc624e69cdac4e32f76185b59a5271f73",""
"0x2eccffd5c709830f440912ca911e37e6043fefe0",""
"0x2f17be553fb890b1d8e910b8263efbbc836f6db9",""
"0x2f6d316e2d6020cc9baab474eccf86e4132be2b8",""
"0x2f75325eaa6a1aed5972e8d6bf40d536b4c545d4",""
"0x2f9cbf59d331187cee2140c3ace7067b9e8ed104",""
"0x3069af7f9df9712c094eb295332ad8c8c5ff7959",""
"0x306f077c2fe95f9f8c6b37ff102757dcede92d46",""
"0x3079f63df53bb3443636a92eb1768efe37e21221",""
"0x30b33e450735eb5a617c2a4b5c66323079730532",""
"0x30fabdd2bd56eeb63a7a3196e6c629417651b6a6",""
"0x3104b1578e086eb79e7fea328c9c96ce5c292a5a",""
"0x31124db1022935001d8c7638b8a5fdc87c4a12cc",""
"0x31a224d9d85eac877d2a177ce8f84421a086817e",""
"0x31cf3bf123087d012c1820f7b9dbea246a6cb181",""
"0x323c52594de60819f2009d54de7d7ad8d4b1a8f2",""
"0x327362117b56e0fc84ccda5e5e748a9515c30496",""
"0x32dd05890ccdd06f0529704f81d7e580ca09e070",""
"0x32f3b99bfb91313310346cebb5d9782d198dd1d7",""
"0x344d2b8221c957847df00dfa350f6a592cd9b717",""
"0x351cc3787c7ebba3e530788746049d2664384d19",""
"0x354082fb6804ff11ab0a4a93228929fbf3f4079c",""
"0x35a01b04cbfc1e31d837d2b7aa58a3bc01b8dff8",""
"0x36a848416fd59199862e6062cd478b4e97f818b4",""
"0x372200ecc23938a0f6babe714696be585052527e",""
"0x375477341f6be02bab6f4d7d1c4a72a9b77b1128",""
"0x378a161637e15cd1965611707d32001ec444ece6",""
"0x37c3b37afb28844af4e43c89ed6264d7917c9040",""
"0x383de1d06dcbfc9eccdb382be75c5fd922662ca0",""
"0x384a472bcff3ecbf466ecd02490ecabec1c00178",""
"0x38b4632e809d08918fae775ecf58a7dec6a9afe8",""
"0x38f926551456a8cf6da4f0fdfb96b39f4c53db45",""
"0x39b45762265927f31b8a4c5ac4993f2efc9fbc5b",""
"0x39ed5b001454806631647bc38b70e9a25f8fe0f4",""
"0x3a31d118d3869c77eb75a60b3525bde9ecfccc20",""
"0x3a79262632abd073ba445aefdaff1a5488e20b70",""
"0x3b933ec0b868145ba29a50c64e3c593c61cb6eae",""
"0x3bae0f9811fb3869267caff8b5a1baf00a352935",""
"0x3c2b9d1d72c3ee93f00164b6946adec69d56ac20",""
"0x3ca6eeb49b3c9de67ca09f255d23649ade1e3999",""
"0x3cf0f00c2aaa12ceefbd6116073a0833508f8901",""
"0x3d31b6eccd7a3109e8a497c4273b5d71f121dad4",""
"0x3d366abbd452e911e52ae8ede980be94ed2c710f",""
"0x3d635c7e8545710535544e816c54f82deb3bddb3",""
"0x3da2df92e0f0d316c856432ae802c5c63bcb47bf",""
"0x3dd3bae2f6c8293736562b5f3ffc82b6cc170048",""
"0x3e4e7803b466557c631064238df410155ae4ac56",""
"0x3e52151b9f13c1f73c095be69f6cf4fa3eac14a2",""
"0x3e864292cea6c7af94d902c4eb3b8116a709cd6d",""
"0x3ed6dae6cc1422e8759bfd2b4f4a253b5b6c6d84",""
"0x3edf9e96a1204643ac2c163eba249c1846bfb2af",""
"0x3f1c9c323e3e56422fa5fe6dfb265202e212532d",""
"0x3f9d4869d78d34bb5102a8743d236dc8be5703ea",""
"0x4000702d65b694a4777b6f1cf6fcedb10e7e58e1",""
"0x403fdeba2faef914c2ab60318d122ed1f78c6400",""
"0x4061cd993072cc4ecd092beac12f2965de04ff72",""
"0x4086315d08198aa0ed022002eecbbf7ec56a8c32",""
"0x40939fbb372d6b55967597f4077fd4f08a976aa9",""
"0x414006661707a58cf613538439b7fb50654298dc",""
"0x41477a57a8916237a8ff512ba3d9bf487d9cbb79",""
"0x41f317927168f943317a92384a15f167fee3d8c1",""
"0x4215a881dfa38fa2faced28778c9366ef3e5fbb6",""
"0x42f826a51243e72de658eb5274316f13163a9d84",""
"0x4361b400c014d97b374662c7c3d7bdaeb528a775",""
"0x43f591061e0c77f6cc4b2f6539c4e8a1f9affaa9",""
"0x44686173ac5b0052679cbc4ec9adffd16808de27",""
"0x44e4ccebba24e48b3094fb1a9bd944abfad29eca",""
"0x451be60e4f9a65dabf971fd1572b1e6d5bf513f4",""
"0x45f5ffed45aa4d8384873edd02aba136a79f3ee8",""
"0x462e0872e0983edd6a0418b0778268a42c4e036d",""
"0x47400da4c778655e7e8b4c72557289321dff098d",""
"0x475cce96552f6ea23bdf7370ffb9eb7b3e23b168",""
"0x47a3be23471ef3b638d957b506c670cc4dcb3ca5",""
"0x483f6e10c97b17b811fb692b9f058f8a7d7b40ff",""
"0x48b6f47b4fb9c69b2597056c90bd8fc71987dee7",""
"0x48e19ae3e4a4395036288f74c970783ba00e097f",""
"0x48e69842cb66aa608dff749fc4db8b3a65d0d4a9",""
"0x490d362241bacc1fad614d48f222cd614688745d",""
"0x4913cff514b8f77b0f1e89507e6ca835efcd68f3",""
"0x492b30e7b576ac749f2a398bc31f08d8436ba504",""
"0x492f2a6deb1c7e298319d6fff72cfdde13b4cb55",""
"0x49891abdc445b8f4ff8afa725854bae2e992bbfe",""
"0x49e4109ffe2613edfe479010af66b6670468722e",""
"0x4a63e03ca42cc04e23eca5b653c92e899c57f625",""
"0x4a9843121f7a347cf2fe12d945014c6aaab98058",""
"0x4b97be965b38c20b7e6c78c1234ac7e13fc2c5ee",""
"0x4bb557bb8255088a1324288b1ad36f84e97fdaa7",""
"0x4bd17ce1408527142c452e49f43a3bd64f437d6f",""
"0x4d699138e3185fe5defa19b73ad65774bce001bb",""
"0x4d7db45a23609b8ae44640fa6922e757b9543840",""
"0x4dd7afa9c43ea792e5da4c341054c6435c71c12e",""
"0x4df74155f5c08ac63aa6133c6e2fd08a5f8335ba",""
"0x4e2d8b5338348abbfd0f05b32a44500b27b790b7",""
"0x4e63988b407d1adf21b56d89f0c91ebe31d4fe6e",""
"0x4f08de4c321c219d45e1304d371ffb7c7de78ac6",""
"0x4f1a185c97e6cbe4ad6df11342b7ffe71818ccbf",""
"0x4f3a8e24210f33cdc86e4e759f4af43ec39c3414",""
"0x4fddd3abcaf4eee299d2cb877a1cb026627066f5",""
"0x4fe4a43798d8cd9c665f59720baa5091ab864a21",""
"0x500799f9be283ac2f4d035c83b7bcf55d9d24245",""
"0x5026d3972ab20bcd6ef73d718dfd1f68c2e58297",""
"0x50320bf71ede35bb843641a1c73cb6478d27e0ae",""
"0x504cc682b41f21a99e46c4c8312c8f340a103b2f",""
"0x50b74b30fc5fceeef79a94a682724ee8bcff49f1",""
"0x50ed192cbe8a4e0b5f94c1cdd245a92f454b76c5",""
"0x51d2bf026fde1ce087c178d9ce3f91fdebf054e6",""
"0x520dd0bedf0da4f6bfe0da6a30cc3b44faeb710a",""
"0x52460cc48ca98ea1312b12fd7f2f4a99ee252016",""
"0x52a9693b4718cbeea7ecf7a5a9a9a6a0fda5f260",""
"0x534d64eedaf8a82fd555d9b4082ef8dd207bd9db",""
"0x5408993d22a7c74f87903b4fb66047f4b0fcf9d9",""
"0x54b4b93e56a0c65b93cfddb7327441661319ca51",""
"0x54cd0d24b6b1a69638f8df39e2c09668dc093ef8",""
"0x552a24c832d49c17757232bcdf0343f7f12cca6f",""
"0x55937c43e5a30d9f461e21bb7325d5bd9057f85b",""
"0x560545e7f8a76d47056e3928abbf44d4432afc2d",""
"0x560c91f40bada58aeb8f0f0607ad7ac59c578147",""
"0x560e1c866725edc4c3aaabe38683a7ec8420c31f",""
"0x565b5cd5dc2b19c64a659446b2eb01cc398c3cd9",""
"0x56a3291498763af85013c4a69a56a21aa7eef77e",""
"0x572669ea66380e5ef0df6d0f768791d0f0b014a7",""
"0x57b35fbc8419b07216e00b9c3590c9135607c4e1",""
"0x587b1e3d880e521862a868eb62efbb34956d5e99",""
"0x58975e857e146e7a0015fb148ec2704111439961",""
"0x59139d70ff6908b25c90f07b924ca80c51c43b2d",""
"0x599ce1287cf106a48d1b3e9777bef005720dd7fe",""
"0x59e40d2901eca537edebeb297dae7dcf6ec3e769",""
"0x5a06ba2c3a18c5d1876907d53e757eea1abbccc7",""
"0x5a73dedb8256eda3c0ec62f88485e3b50c29a17d",""
"0x5be3cf3b70a9a7c4fe61024aedbd3fa4a175b9c9",""
"0x5c11c23e5067e16b4b6f793a0b2d689bf14e8dd2",""
"0x5cd6ec6c709990447eea61040cac9079e8247af0",""
"0x5ce84fdb8a13b1c6378291c993543ed4cfd4a831",""
"0x5d0aeb8eeb92741961afa332f880917f104fa3ad",""
"0x5d3d91e29c843c2e0123531284e93a8c843f1b79",""
"0x5d9d1d68bd90e3c06087c72fb3bd5c4204979813",""
"0x5dd10214dfcf9561fc8e16d9ce8ab199d1b23cf6",""
"0x5df635a054adf43754b766f32013ad86ba423e4b",""
"0x5e50ae1beeabf1fd0dccb540bffec84d7b5f1407",""
"0x5f202eacc172945dc0f876c00ee0c12c97ee8967",""
"0x5f203ff3a20c74bae3a723bff8b34cda33a52eb2",""
"0x5f20a0ee72cab0162479874316fe6c199a0d5b67",""
"0x5f309a8a3b3070188e412772d62f0dd7a72b70b6",""
"0x6020103332c6ec6b255eda18e981473f2d3a9699",""
"0x60a151d00b592ef23d6fa85e9ff3e7d9698a63e6",""
"0x6238dbad902d995cbbe53bbc0678f8d472aa7bf6",""
"0x6322a6c40e8c62e63850e7b41dd95f1e13a3dad7",""
"0x632f4ff4f94951d88be72ef368d788c66f38a088",""
"0x63e6555970a78feb5302286de39ee5dcf04848e9",""
"0x63fd5d0ba5cb3668c2c8a22629c3dbddf5b5208a",""
"0x642a2decc241887927b3be5a3a4f857f0b877ccf",""
"0x644e420066bc23683ab77ba8250079c5bcd4dca7",""
"0x64ae8c704bcf25a85078f31986043d425d002c0c",""
"0x656b51e1cead1d5c2dd64fa68a76afb7ef91a528",""
"0x65ae86e279f30ff0cb970b474e9e92e179ae123f",""
"0x65c01f77bf66aec8559b636ab6655ef36ac25294",""
"0x665d402f9773a53d6fc13eb504db10c7cb9170bb",""
"0x6666510d002a58ffbfacadc380fe1e6fd8e80474",""
"0x66957f445764f63d261ba270be1422c4a1e3e131",""
"0x6740888dad1a16931a1dcdd16538c9edd8c5ade0",""
"0x6858a4d8d7d0297c138b403b6a34cb3b424b7f4a",""
"0x685fcad272d737fc2a484a7be71c5cd8d9949ceb",""
"0x6a1009d373d6b93ab1e9186042266fe7a7f2c5df",""
"0x6a1ff2aaaab0837f940ed7471e16d84e8953a035",""
"0x6a79be56a33c4124a17dd88debff888a460877e5",""
"0x6b15dfffa58442f2f198f4c0a9e2525d4e53e206",""
"0x6b2b94b69f03f3b3a917778e610f41f1318a5bf0",""
"0x6b7d19dcafc6616352e00cecc6a78bd47151db36",""
"0x6c19e00f2aeaf17b9e2bd150d4490326bc0940a7",""
"0x6ccfea25c9a4fb6e31213020be7c6ed5a73fb16d",""
"0x6d0cecf442ad3aa5292c09e5843a7abc387a8744",""
"0x6d257180f93a72e18ade119eca150f6fa9813bdc",""
"0x6d67d7c698206857689de8ec6621d60cd6a1d79d",""
"0x6e6d512d4f3f4ea52218cc221dea5b6791ea9dd6",""
"0x6ec64b72a780a392eddd6b992bfd0a2f360fcafb",""
"0x6f38eaff6ae2f581fc4be8d02054a763c077b59d",""
"0x6fae2d8c135844f3a3b8328facb1aad709ce6ee6",""
"0x70b3eb071b028c6eb95ef9643a6ecd3eaa823a10",""
"0x70dca089c0a9dcd6eb684c0098abfff4764e125b",""
"0x71403c8cdbca5aca8f828005397c273aab31756b",""
"0x7214b4ed1ff51245b4b8be7e00e7ba36e3f9d0ea",""
"0x7241f8c96055ea073630fcae484104c4590e2a7c",""
"0x72890db00e2052855f0cb84dfcefe1c83c5864f4",""
"0x734814ec924f5cd96dc680c5d0d3a3d4331b225d",""
"0x7368b89c3e1efd216ea271a0e1e1f0e0d7df085b",""
"0x73a283df7e848b1af8a58e327c9a0d876f40fa4c",""
"0x73e9fc119f747a5b63a06f705fa5ab1a174b559d",""
"0x7415a096ec3d3fc08bcdffa632dcbadb840a2286",""
"0x74cd1fcb96c02e34118cb7ad0b94797f97f56717",""
"0x75c428a048ca308803c276e07a01757b8b69ab01",""
"0x76365f27a33296951de6207a81ec53d5305d06e7",""
"0x768f7d4b5bd04ceb59bf30253f49ce3519c56d47",""
"0x77d5b76702608a59e848e3a416faa58f1177ee97",""
"0x784bba24aa4613485098c256046eda38fbfbcc3f",""
"0x78fc611c78e42632fe4834ea358c5b649480c83e",""
"0x7911ed1eec934f1c3719d5c760c01cf77f6f38f8",""
"0x796579b76791275613e543ceeac24c07602399e0",""
"0x7a0fb632f86a8c8236ac8960b3a9cada3e7e0b30",""
"0x7a8e04703202928f4337936183cf067728624646",""
"0x7af2279050f8085b585415f6a05173925cdf42da",""
"0x7af22ac600b0f2602c96a782fd923efb42e049f0",""
"0x7b2c8e6bcd579532f76e9a3125dfb19b181176a9",""
"0x7b4d11a3e5ead71ad66fd70eff0be1a5dd09336b",""
"0x7bae01034704381d3f7b09d3c1f1fbd17d71acb4",""
"0x7bc221b7b64454b88b1fd47ff6e489a37cd15b2d",""
"0x7cef6b5cc5eab1510ae038279eec9cb57c89e691",""
"0x7d5ee42451b22e1f5daf8876a673c3b00999ffaa",""
"0x7d7a19c2561a864f518b8cfaa89e2522d7ab2dad",""
"0x7dbf7b0da0c7377992364990aeabf806b690aabe",""
"0x7dd7820c582e400de42229ef20388a540f17ddfe",""
"0x7de00ae41ff6f6c5566aa6a3be3b8277ffab5b24",""
"0x7e77bd0e63ab0b9b0a1935df2fdf8fbb85a228c0",""
"0x7ec9932e7de1ca2dc93a4edf382ddf2e5d50a1e3",""
"0x7f0d1e68183c1694f428bdf471da500d19ea0f48",""
"0x7f3340a43eb1ad35d0a2e492ac1b080f6528b2eb",""
"0x7f54dc6e8f6009b976d5d32b22eb6e786614d46d",""
"0x7fb785b47073eebf8afc05f4686dd701a215af22",""
"0x7fd8997aa473a2495ac35daae09cbf56c5aaa6f3",""
"0x80092f94f8d3f9048624ed68f5a0dabeafb9fedc",""
"0x80578890aa3d86ef2d672b0abeb18997590df3d3",""
"0x80b21c49b2cb7b3d8956e028a7776df7863f4538",""
"0x80dc5bb34a65e57d34471de60cb60bc95677f613",""
"0x81315c54aa0e74bde7b4c60cbce3dac6f20f4625",""
"0x8137825b2f979998627129c2e9296d45b7833c55",""
"0x81e46280e4d699f901e28e886118013841113767",""
"0x8208e98690c2c030aa5e8426a26b7b4432b098dd",""
"0x8308e2c9c2bd71547cd9a4882beaba16f41aeff7",""
"0x84543be6f080e49d85a242c155d79240052f98ad",""
"0x84d5898c6ebbb13ac28592c53096e5d43b1acc0b",""
"0x852b888c15a64d69a1ef16d26a48c1a1c2ea4ab4",""
"0x854759239c4b9d1803718f39ca9b40860d78cb76",""
"0x85e6fa1b4e8d586dcec55f94a3dc512d0f1bd122",""
"0x8606d9a8e219ca642e27ba44f0e6b12efa1e3545",""
"0x864bd6c4ae68b1205052b35aa10167a57e08ee97",""
"0x868652499d1bc6204be6d4823812dc69211ae938",""
"0x86f1edbbc7e2f67c85e0fd88cc71c35d03d820f8",""
"0x881f911581a2b22d515df00398dd5a7d108755ea",""
"0x891028ea3931398458615cc504bf78a146cefe1d",""
"0x898036e0c87855758450e0d33a5195678bfeea53",""
"0x89d45ac6f6ba04fc2b5e7d249bcfd880e7eb7b8d",""
"0x8a3f2ace8d16b437f89ef06bb45602e70ab87a00",""
"0x8a48267e07b841cdf7bec009cdd5e88ef2c61092",""
"0x8a5456f14ce154305367754574c1657a500783f4",""
"0x8aa192f1e2523ed09b32638b16585fb14903f1f4",""
"0x8ab14cc0fe6859b0d74b4bbbeee189b8ffda6cbb",""
"0x8b2d84abea4de54c8dda04537730948d51358788",""
"0x8b6e3b8661e7e4c09505fea075723e85f00b4732",""
"0x8c58c739cc456091c0d1cee900988059b32f4b19",""
"0x8ce89035f97d61fc4493dc2f3f8de717e961375e",""
"0x8e16008198413a57e68ac32e593f4bf353f71ed2",""
"0x8e2f9ad964eb0e40e833378b246fbfaee2ca6c44",""
"0x8e50ef920c0365dc841149060d8d622653ad30cb",""
"0x8e8547a9fdbf3e1357ffd962a2cab58d270d4c0f",""
"0x8e8df6a0ced9830af7841441d401f4c02647f940",""
"0x8eca530799eb3777aaef88ebbd5553d585e46c0e",""
"0x8eff71bbc715ca320d1e41c67d9d5abe9ad31fd8",""
"0x8f6976c5d36458e8c493da874a2fbe3d3edfed53",""
"0x8ff26cea4a2f298bcbe588440de3ecd4ab0b0145",""
"0x8ff487cefb23ea4e26984f00079559a9e4c451d2",""
"0x9168a80af210c511e4be5b32d7de75124d0a4996",""
"0x91efb5d3ec5ceb5a8416aca80213d39bce4188a4",""
"0x91f6ef04ea5543250d99119ca440090d2238cce2",""
"0x92750f95c3a9036e4836fe3a64070ea46f8fdedd",""
"0x937dfc517044d03953c469dcd18e2322efd49972",""
"0x9394d6e3c5cf44621a3f4b078f193a66c617a8bd",""
"0x93adc2861957f1ee1ef6867d9e857e457c6e25e0",""
"0x93c40ed14eaae6c5edf92e73db5aa5df146b01f1",""
"0x94535de0ee84f36343c539285183a98784f5257c",""
"0x94b5fbd09df38da14b08b9be42243c81e1b704da",""
"0x957a591c2afd9732758652263f04e81e4b90f381",""
"0x95e8fc73eba479e30292b0c4b590413856eefee3",""
"0x960e830e81c4b41d4beabf6ceeab7c54b9acd017",""
"0x9613d5e46a8adba9b3772db2558f92171fdf84ec",""
"0x97538e1a3821f3327fe2a2ff4993f3d154f28b01",""
"0x97abacf54bad03f0fdb5a9afc6bc48826d2807dd",""
"0x97ac402a98c33ca0194bc51377159c635ce2f672",""
"0x97b6653606dbe7075f72ae5c0a13e6691e8b8dfe",""
"0x97f156cd2542629d7ce897d7a8d4966233b1acc5",""
"0x97f763ca5898407541f3892a0eccfd1f9d51fd46",""
"0x9830d6b37fe7488707cc4ad7f8b481d75eb2a8c2",""
"0x98db84a93cf9e69ea09806777386f07d70cd069a",""
"0x99a07f241c8f50ecd18ee43102820174f624ecb0",""
"0x9aaea1c9093fd9524ce54e64aa8dac40c7957c81",""
"0x9acb0e05ffa9e08777aa4dfb3c2c77a58103f6ab",""
"0x9af6f946d80590e67e16eec61360e4a7a92c76b8",""
"0x9afaeaf7bad7349b4b992eb5505a9660c1a8a5ce",""
"0x9b31d857ef210fe5e3199ef169f9ee455a2b65fe",""
"0x9b5508f5d0249935edc4af6df114a87372c40c82",""
"0x9b843f8f7469771665dc72f9790c63d8d80912a7",""
"0x9bd5c53c565b303d291542440e2fd64fcb69ed1a",""
"0x9c358ca45b8991595556cb7c9d34be0f0be9c9c1",""
"0x9c4911b4c761bf10e3943768005d900fb2965edc",""
"0x9c68cb191a99d1ed1e9055226b5d97eb3e7d6c1c",""
"0x9d1d2b1c4da3a828adfd4803d8d52e3ea585a743",""
"0x9d3714cceff1e57d9653158c877def1e74bd6f20",""
"0x9d5383c3fbe40bb9fa7b9191a8b838b902213a3b",""
"0x9d63038e7f74bc089eb38e61be8da937918900d6",""
"0x9de372eefd5924431d88b74d50954d22fa008086",""
"0x9eba5de3f35d0ae4d75570a5710e4adfb366bf0a",""
"0xa027d8d063237babfccd82e0e9d4d97ff45b9321",""
"0xa111330ecf917e91c4089c4784c361e655a4731b",""
"0xa12e8b11ed7a5eb91085c1ca5f8cfd6be3d26f31",""
"0xa1a9de82ca71e9bc5c28e49dda0d3c4f13773d2f",""
"0xa1bf0b4db89c0de39d01d82df30946bbb777497a",""
"0xa1cae067a4f7115d0b26a13840fc090b608d53e2",""
"0xa1ed4ff7a380de5638c0635084b85077e9f5092e",""
"0xa200369d36d9a1040bddddf7f83995220e87211c",""
"0xa21d1d4880a88449d5d4e47e2aa771da33efc7cb",""
"0xa2c0905a8a1e66cc1633d2031ee21b18d4a42fa6",""
"0xa2dc865bc253cbf41f0d6a6e9c903dc3c93d19a5",""
"0xa328bd685be8b45c1e940aadfa0da92d336ca49b",""
"0xa35074e3d0bd3492a2cd174a3c9f471650df0611",""
"0xa3939caecf3f7846cfedeb50ed717c628bf23193",""
"0xa3cbe2f0f98f124c8bcee4133631bed416669bd7",""
"0xa4b721587c0254bb1d5ed43c13ef01dd01332c41",""
"0xa4de3ab4ba9ff7d7290f497c04775a0d4a40e5b2",""
"0xa55067765035dd0d51b96dacd86ec0e893e8069e",""
"0xa64591561eedb1f17c58bc3c22990627d6e44a0c",""
"0xa6ac7f00a070c5e2a0da68c141365e8cabeebb51",""
"0xa6c15ed73908840209c20c75751c8076bb883e1f",""
"0xa6c309310540ad5dc502dc2cfea011296ce4e5f8",""
"0xa6e460fb52542d1f22c78c4041c6f10a546c852b",""
"0xa7067edd64442448fc8e82904ec358ee4896e2e3",""
"0xa7a2c72319b197c3e12385ba1ef01507c2b80bd2",""
"0xa843abdb5e6f9df9dab95dd3d3fef26b7c670f17",""
"0xa86693888186c3f4632f7ef237ef61c68e983443",""
"0xa88882c2833cd62a233c15add793db811b708075",""
"0xa898ef55dc7327a35fe72129837e6ada6a5583b3",""
"0xa8f998fed99ca231f178ef83619cd1846a463a23",""
"0xa933b449f766e14cc30babf6fbdbabdf419baaaa",""
"0xa9587e341b7e178d505f37ca42127e454700abc4",""
"0xaa51ea1489cf5eafc10d68b6abcd5b6bc3f4ca45",""
"0xaaaddac837aec014fd1b624623d1a1310e5b4332",""
"0xaaf48b7705bf11f95d439d45053188d559a33983",""
"0xab15f9599f07190b964a9e87b2603b462c409cb7",""
"0xab58368030b5ccdab8ee94d5f1e626e75f546a3f",""
"0xab5b8e6178a5dff8e759ca7d9616c7d0ce0eeda4",""
"0xab69ec70b0fe3a0c9f83abbeb70f5dbfbf8d99fd",""
"0xac02e3e8bd30ae5ad8220267945416ffbb352d70",""
"0xac390a5faf8b22af31d374fe7b47ebef24743aff",""
"0xacf74ede037468b5aaad437fe8691e7f5ebf3441",""
"0xad166ef795b8abed78e77a822eec2e26d4324a3a",""
"0xae23b7464a379db52f7301af0b2086aa4821b7a3",""
"0xaec1028a1efcc54fd702a6fb409c27acb6f71041",""
"0xaeec8893388b023956441c4e06d637904aaf182c",""
"0xaef6359115e524fac40031d662d614b06b5f1ee7",""
"0xaefcda6b2cf4ecc7a7e07099c79a729a7c8b91f7",""
"0xafd24155de033627f91eb6a4bb55ec642b086e1f",""
"0xb03c98ce46ceeb5489d017a17ff1534cf155fd8d",""
"0xb08669f723cb756aaad81182467f3ee303992888",""
"0xb0a8b427ee85f03bfa78d278cce007cd90b31aab",""
"0xb0c0f73f84ce7355e755846c123f0a5848304b52",""
"0xb1a97a9070cfaa4d5653911e7d565e1ec819df4a",""
"0xb1ac95a15ab91e6746ddf1c1735f8e524aad8d19",""
"0xb1ccf2f5a4a87bc4c4e7367621d2a6f9d386880d",""
"0xb1f4a941b2b5566ff5c5b558fabed425c4c59791",""
"0xb25eac0ee5776b4f77e6c4344bfb2f4446bef463",""
"0xb2995373554f53beca8ea23ff15945c17115c50e",""
"0xb2c349bcc51e697a2898419d06d31935c5a9b92d",""
"0xb2ffa393f0b4072081eb2738eb8340bf877bae38",""
"0xb31fa645f3d92f52ef76bff1401995306c6dbf57",""
"0xb3566586517495b68f150bbb87136c875598a02a",""
"0xb357082ee428826efdb752af040cbf3efdb84049",""
"0xb37ba3e36aa4bfd446856b3df6ed810b7ede6327",""
"0xb388233fc7f3391c41392545bccf0909e5cf4b41",""
"0xb3ef181d98d3dea7c72a84ae185d77038e40c1ec",""
"0xb4a3f5369830ef5e95044354da9785b7982cfb61",""
"0xb4e63e42e2f7c2d9c705fba3fdd3a09afdae68ab",""
"0xb4fe2ccda14c4f4695b542c144a42b9d6008309f",""
"0xb502aaea04ce3986df0ff802e28050283fe23bd2",""
"0xb50a04b2ab02f88b20b75c82ec747143fa84f84d",""
"0xb525389a69d735464e0cdd7c3a23287b205fdfc4",""
"0xb5e84a47114628f10281aee3dfbfa643f06d40da",""
"0xb68648f2aa59875986d328bf6fa3bfa0d7b5190a",""
"0xb6930d36edf46f686524a86f9ced5d7d0c931045",""
"0xb732cdf10883d366534d5bb3f84021c6f39dd52b",""
"0xb73a62fd2952ed68243cbd338a1205a0cd68d300",""
"0xb7b607aa70cc0b40645aae0a5750cffe86e32ce9",""
"0xb81045d286ed97e3eaf351e032350ed46042b104",""
"0xb863654b04ab70bf05792eb02ad8753af9b1e090",""
"0xb8a7c430a7934e83c160f3067873fd3aa2c8abb0",""
"0xb90fbd4830f7a0b1b5163c587ecbb560f702f606",""
"0xb9bd152755d3e8a1c6dc09d3383d573e0668045a",""
"0xb9c9552dce65323b5e3c37e4e6b7f3b05b7981d9",""
"0xb9d055e3c0bdbf16b22e369af71f971e1eb9fa4b",""
"0xb9dac5c3965e5c582fadde3b383622747b22e1ae",""
"0xba6c7a241bf13319e9af78422749754082d8b75e",""
"0xba731d1a58f2ada67b79517eb3b8ba1a61d929dd",""
"0xbaa90b661e0f26c3cf0ce84a50d0d2b2f24adfc6",""
"0xbbbfde90760bad315837b5ab19aa24c4053b38e5",""
"0xbbe79314031a1a5cb5b74a76fe7ab5b2f4ce501b",""
"0xbc425f7fa95cf5564830e3fe234007583b730012",""
"0xbd4c5c87aa9b010d6f5a329010b6d2d1c6f2dffa",""
"0xbd69ca588bca0d58089166dfca27c33b8a3689f7",""
"0xbe647981017608b18762da9e322b94343952a204",""
"0xbe81943cbf5e24b615407d035aff451bfb2e94e4",""
"0xbef78e9aedad0f6fc67aa546dac73fcd429cad0d",""
"0xbefe2497ebdf0c2ee8f49ab52ddcfa010daab3b3",""
"0xbf4850e4e8d6cd2319b8808b65bedf7cb15358d4",""
"0xbf6b7b6a8a49c22c865a92deddf1e731ea7d10d7",""
"0xbf9019f39b478938df968d331c282b06f7b436ba",""
"0xc05ac07b7fedb964c993220b6675645c88eacf5f",""
"0xc0b1458c2a8ad6c8bb427e4d743a023780e6e209",""
"0xc1577b7b7a9f7e7ab7f4135c5599698fa6142bb6",""
"0xc17c0c622a2f500770666b9cd5a8738d2987e588",""
"0xc1846d9c9ed319ab825b93ff373556f1d2206bb0",""
"0xc2d118937292ed6614cdef46ffe336e40731a7a8",""
"0xc2d37c0d090eab2021d917e616a8c5dfc792bb9c",""
"0xc345d9d3d5e55943b012258e90d2e41b8b134838",""
"0xc472381f5df94a76f69eecbebbd4a991b7de4bf9",""
"0xc4da6319585ff59912013338108ca895e48ac733",""
"0xc62010b3950b490f69525c756cdc17316f465264",""
"0xc63953f0b0e7b73f336f0aff5c1b01ce54cd52d3",""
"0xc67823b71200391f72a40d827f7b0157e49c62b2",""
"0xc6f38ca3b9f12a7c9b17c6d8e832779adc4f548d",""
"0xc6fb417f62c3c9a6ae67ccb2d6e05d26b8dbc559",""
"0xc771810be685f5168a1b78bf3d6e978091601225",""
"0xc7b2e791ee0491c8df611d5ccfd87b17a0cb9897",""
"0xc9a6cab0fb093565c490826f0d6ea5c374251933",""
"0xca0579ce434f51ae862a1d411bc28bdd4e2eb7bf",""
"0xcb59967039760b7a2be7c3d5741bb9be8369ce1e",""
"0xcc259812ffc03c2edadb56c0d9897e18ba46ff66",""
"0xcca37ebcd8d964040a4a8735e9e804cb1ebcb34e",""
"0xccd610b5bb21929beaadd5207acc7b90cc30fed7",""
"0xccdb88b9470bd14094b5b84145a4ce122a1011d1",""
"0xcd02389ac7857df86301bfc1ff5e0e29779083db",""
"0xcd0a87c465f768cf17a59e8b85691810a368e68a",""
"0xcda447d651904da714bffb1c4a0a77ec3d0d19d1",""
"0xcde212c5b66cddacd470c1ad045ea826fbbe486c",""
"0xcdf4c6403ad000ba13dfa6b931e924a5f50a106e",""
"0xce19f64c11012cd51efbb28278424b23fa0a1b4b",""
"0xce4a499559dc85cc106c2448a91bf718f1f0f077",""
"0xce9b2365a2ffcb47260698965c1b89e5498770ab",""
"0xcf826b96c2fb888373a77c3d327b3f19aea01a21",""
"0xcf8373446363216f0dac6ace39cd3db12cf8689b",""
"0xcfea7e948c0215e46da3327a8b505ac1c2cae6d6",""
"0xd002e731b302286009abaafd5e05a9853f5f3002",""
"0xd020dcd3ed9a57554d98eb29c91f1746b40d22dc",""
"0xd1d35775e3d5d617a40d87cce4417e6afddf1ff9",""
"0xd2a692b7aa059e37a982dfc4af1c86b7eed29f42",""
"0xd2c1562d05e8306d8660e9e8311eaa0201be196c",""
"0xd391baef620fd1b913383616701f4a0607efda4b",""
"0xd3bad3c1a98e4d10d89b15e40b67b93dfa78c494",""
"0xd3d30e11c39d97f2f68de8704e1a3f8fe6240f6e",""
"0xd462c0ed5ded9a92ca71c4729dd8a97705f6764f",""
"0xd4ba10f4dd5ac8361e32fc6cfdac0e72245807ec",""
"0xd5143032dcaa10af7146a4d4f2b53cf0e26b69b3",""
"0xd54025b854a850077e55aa18da6f5465134c6192",""
"0xd553fe129584198f36dcf6e54cd3176af2d5be0b",""
"0xd5c6bb3a076bb5f5888f3cd8d127b6edd1cad1a7",""
"0xd621ada07642f2029b6852d68aea62ffeb34fcf7",""
"0xd7490fb6e984a73d1d04214ba21618f22025c5d7",""
"0xd779a7edecdd3841c48933baefe6a29ca52dfa3c",""
"0xd7b14c471a5cd2d94b3f1a36fb4a906bd39fb5b0",""
"0xd7f2e2ff25be8af5e7fd6a98468cf1ec98248ed3",""
"0xd803f15077312a8fc0b0d6fdba82056078034125",""
"0xd814d33467bb511d7fb9a60cfef05f1474001f0b",""
"0xd833a278e58019d366470647b591020f60fe2299",""
"0xd8a8b038c1338686980a5309a1260bb409bf7e42",""
"0xd8a9c601f340272bdde86e563f2630f0cbdcd4fb",""
"0xd91efdb92b5d7d2f26440950661c23fe574b4e14",""
"0xd930ccafdbd00582d271f8c70eb7a6ed9ae59ab6",""
"0xda3a6a5aebee35d9fc24abac683bd8ed60770a34",""
"0xdb6c66aca162d109304d59203e035f89708bd5aa",""
"0xdb75103d154f190734cbb4409d6fe71169e2f7d3",""
"0xdbc655c6d5188d9114e7baa5a676767e7c34d68b",""
"0xdbdfbc4aa72482d68f2d54437b1037dfb3050c6c",""
"0xdbfeaf48cbad9b9b9aa3d46642c8cc65bbe73e88",""
"0xdc02781bd75fa9102e00440a7e6176985430074d",""
"0xdd4790dfb25cc9bde1d8cadd11bf1d7b8b49fa67",""
"0xdd74cf0fde08dd4de327ef749d126ad8eed5ce33",""
"0xddcb91313b1744e366a088061739d138bcca56bc",""
"0xddcc66a0532aab46848eebcb17eb2deea2248c7f",""
"0xde28390fd2f40252fd4dc3869315684b9b0d3f9f",""
"0xde43aba29de4f21412504ff549a5d6a305d690d1",""
"0xdf3fce701f9dcaa15dac252b7dd7f1f235e274c7",""
"0xdf4a612ebc3a4135d55b576bbb6b78543c8be261",""
"0xdf7145780ff2d89d7904ae3e8fd29869ee02417e",""
"0xe1157cf5af52605b07342613e568267f69025d80",""
"0xe29cbed178b7c42ec860b46e48511ab1f4342c55",""
"0xe2ca5521cac74d2bb2ce3e1fad79a1e71ee5b95a",""
"0xe3063374151106cfcfbc8f34a213cf4b88b425b4",""
"0xe31c28efc4b2385dbfb9985d1db2d4707b2de3c6",""
"0xe38d5840a51f7da315b085bacf144969a8006e72",""
"0xe3a5ff3f54d9cdc1454c0c0309687403d8d37177",""
"0xe3d871d389bf78c091e29dece83200e9d6b2b0c2",""
"0xe40bbd3cd595b1b834719c3e113ea64bbac20052",""
"0xe431369b9a412a32035f01f62bbfa8a651ae9f7a",""
"0xe45075a19efef9a46abb8c82484780b1e9abdc6d",""
"0xe647477d95e914b94a1c20088304c6372da01d68",""
"0xe81af6c6f057c99f6adf38d2c891437b0f9ba5e6",""
"0xeb471afc9c58f32ce0599cc694315506713227a1",""
"0xeb4da3e0988d8ec97498bee7783fbef14e233b89",""
"0xec5278471b2cb46a2bb8701d9bec18c2d1a3ba2b",""
"0xec959a37637236210dd2acd3a074ecc6f82234d2",""
"0xec9c38f0a06ef3ab2c549b3eb90c97e69e1e4e9f",""
"0xed641737351a56b75c6c7da7f5acb2eabf11bd36",""
"0xed9bbf4711eb9b8ee73f2b17af40606069def6e2",""
"0xef664bc9783c4f09adbd708c51e682c73f19899d",""
"0xef81166c4780732ac827577dab99f58bd6f8bd57",""
"0xefbee49244701f596e49fb649b46a8853f085020",""
"0xf09c6a6a6ab8bf88b81a0f186f100f29d1b435c4",""
"0xf0d9669eea2b3ef4956e1eb8bbc8542252ca2231",""
"0xf1653323d095392caa4f8787943d84b4690c5e41",""
"0xf18472c8bb81bd23d7c749fb060805a052e3ec8e",""
"0xf193ed9037a62ef19fa88c2666861e438851ba07",""
"0xf21ccfb680f04e16d20ab8af501d06198737000f",""
"0xf223560726cf3d74ef45468b15de72c405537cba",""
"0xf2584a55e8f4d77bce07251e38f13230c1bcba9d",""
"0xf3256966a98ebe79975fed98e636d6445021dd40",""
"0xf3368e25df2a1f8a65e7b53f5b065f3c788e9261",""
"0xf33797902a452d02f06d6eef1adf7fce89630678",""
"0xf3b631773fc00e5c598393434b6ef8781b8b5ee2",""
"0xf494cc00a9cd6ddb3f0ac195304dba3c84afc365",""
"0xf4b40b20572d117ead7b5ca3c7eff7d3cbdc4067",""
"0xf4bd058b86946dff0a6ef2a2977ee4c40efe8756",""
"0xf4cc8a6a89cefdbdb515eab3ac7d76c7f32bd61b",""
"0xf5ca276e69bc0b24056a5d30f8c9cda125ffb8d8",""
"0xf60ef476992c7e3415b951509ee5f0de324794a6",""
"0xf6651a1a437eadf182b900637a9eb1a6de5ef9bb",""
"0xf66d4094d0c66fc43494b453008f6853b4a45c89",""
"0xf68d5daa3ec92b7e1a6f069a19c7b537a8a20261",""
"0xf6d4c06ac39aa51569cb3c61f2b01c836a145ec3",""
"0xf70c59a9a73387f7ec7f46b5817a49094c84037d",""
"0xf76bdb8a7afe294719ac9ffa1c394046ae35a0a8",""
"0xf845a40a01763ba1b83462beecee331bc4653ed1",""
"0xf87151d670befefbe9e0ff42709b102657cd110c",""
"0xf9475cf515b5cc2d252d633567bd492e32ddae3f",""
"0xf957a9b901c3c56cf441483a3092105ca2b0dda6",""
"0xf9d04690f226db920f135b01bc315d513e406bb2",""
"0xfa321bc51548e44c85f7922d51b146929a57258b",""
"0xfa531d06e532f0e82dbc90cf8073e4a1394a89cf",""
"0xfac219be81d0236e4167163111298934b53a6d95",""
"0xfaecd17db06171bd417e84081311965a04fb7125",""
"0xfaf261ac8394a17e47dfd3f997c6d454f90ed074",""
"0xfb5a029199515c57ef2fe61e2fab881c74bafcbc",""
"0xfb91a0d6dff39f19d0ea9c988ad8dfb93244c40b",""
"0xfb92c126f3a4df7a725931b8760ab7c880cbe976",""
"0xfcc344466638f34bcc16bbb02acedc74958c663f",""
"0xfd458abfee81126034799f49bb35b5472f7725ad",""
"0xfd4f03ad7da48fbcb203e168526bb24ab698e6ef",""
"0xfd7c36b8c3a22db47df585e4dff840cb9da1f92f",""
"0xfd90a7b54d830ef8a6d5636f62034d54a6efda94",""
"0xfdc47b435bd37c6a93034f7f602580a5a52a99dd",""
"0xfdcc646bbf2cce1c6e9b8441ab5706f7fbcd02e1",""
"0xfdd867cc29822f89194f0f9c089f9903183d5423",""
"0xfe0b1fc5a435f392d89749feba0b3dbdd881eb61",""
"0xfe222bd8fcc0d6cbec595d2ee000fc4c5f91b906",""
"0xfeacaf7b8ce56b05d9cc9520f193b89cfa4ab51d",""
"0xfeca918926dd029622db332793b83ff1977af1d1",""
"0xfed1b842a85b9f8402f716b24c2fb28a5ba42ebc",""
"0xff4bae48a145c44429ca93b6d1bc8e655fcb6055",""
"0xffeebc42d7ab353a5cb5cc47284ffdf2fdd3bceb",""