0x2b5a0bE5940B63dE1eDdCCCa7bd977357e2488eD,2
0xed641737351A56b75C6C7da7f5AcB2eaBF11Bd36,2
0x12924049E2D21664E35387C69429c98E9891a820,2
0xfe222BD8FcC0d6Cbec595d2eE000FC4C5f91b906,2
0xdbfEaF48cBaD9b9B9AA3d46642c8cC65bBE73E88,2
0x9168a80AF210c511e4BE5b32d7de75124D0a4996,2
0xA2c0905a8a1E66CC1633D2031ee21B18D4A42fA6,2
0xa027d8d063237bAbFCcd82E0E9d4D97ff45b9321,2
0xB9C9552dcE65323B5E3C37E4E6B7f3B05b7981d9,2
0xDDcB91313B1744e366a088061739D138BCcA56bC,2
0x5f203fF3A20c74bae3a723BfF8B34cDA33a52EB2,2
0xf76bdb8a7AfE294719aC9ffA1C394046AE35A0a8,2
0x31d4931b003E3d828076aAb769A036CDCe8bfa18,2
0xB4e63E42E2f7C2D9C705fBA3FDD3a09afdAe68AB,2
0xd91EfDB92B5D7d2f26440950661c23Fe574b4e14,2
0x01D8C737Cf92bAAd532a9F5D5eFb3193d639A9E2,2
0x375477341F6be02bAB6f4d7d1c4a72a9b77b1128,2
0xd930CCafDbD00582D271F8c70Eb7a6ED9aE59ab6,2
0x7c84Bf06d5a2d5D7f5d08045340334c73ac0Ee59,2
0x1e2C165400D6Ea634771F4c2B3892515a1b6725b,2
0xA3CbE2F0f98f124c8bCEE4133631beD416669Bd7,2
0x97ac402A98C33cA0194bC51377159c635Ce2f672,2
0xC05aC07b7FEDB964c993220B6675645c88EAcF5F,2
0xb03c98Ce46Ceeb5489D017a17Ff1534cf155fD8d,2
0xFAC219Be81D0236e4167163111298934B53a6D95,2
0x6e6d512D4f3F4EA52218cC221DEa5b6791Ea9Dd6,2
0x9830d6B37fe7488707cC4AD7F8B481D75eB2a8C2,2
0xAEEc8893388B023956441C4e06D637904aaf182C,2
0x0a2EfDd2De3670399F05f69F4cc54d82081967e6,2
0xFb91A0D6Dff39F19d0Ea9c988Ad8DfB93244C40b,2
0xaFd24155DE033627f91eB6A4bB55ec642b086E1f,2
0x6fcC23E4e39Df9451c5c38b5234e4AB92fb1CaF6,2
0x10495E143d79296d5222497b7245294dc9e2D596,2
0xd553Fe129584198F36DcF6e54Cd3176Af2d5BE0b,2
0xb8A7C430A7934e83C160f3067873fD3Aa2c8abB0,2
0xD7b14c471A5Cd2D94b3F1a36fb4A906Bd39FB5B0,2
0x269f17486F27909b39bc5C16dbE3b3Dad3b8fE03,2
0xA200369d36d9a1040bDddDf7F83995220E87211C,2
0x170C2001B1f97945407714A0eBFe169F45B02E42,2
0x5f20a0eE72Cab0162479874316fE6c199a0D5b67,2
0x48b6F47b4fb9C69B2597056C90BD8fc71987deE7,2
0xB3566586517495b68f150bbb87136c875598A02a,2
0x2799aaa2c28425B6554914c459da470C5198BC4F,2
0x0D52De5D522695936Df0001b75706075Ce4c98FC,2
0xcF8373446363216f0daC6ace39cd3dB12cF8689b,2
0xFF4Bae48a145c44429cA93b6D1bC8E655fcb6055,2
0x61BE57a93B3cE643e8662446e8c4572BaF67Ab4e,2
0x157e14AEaA74Da672E1C6C36d4d86DC29cc436Cd,2
0x97b6653606DbE7075f72AE5c0A13e6691e8b8Dfe,2
0x3A895e4A24E4e209CC89CA452b34c72Ece165E47,2
0x7a0FB632f86a8C8236aC8960b3a9cada3e7E0B30,2
0x3a79262632AbD073bA445aefDAfF1a5488e20B70,2
0x3E52151b9F13c1F73c095BE69f6CF4fa3Eac14A2,2
0xc4DA6319585Ff59912013338108ca895e48Ac733,2
0x38b4632E809D08918faE775ecF58A7dec6a9aFe8,2
0x5c11C23e5067E16B4b6F793A0b2D689bF14e8dD2,2
0x4E63988B407d1adf21b56D89f0C91eBE31D4fe6E,2
0xA88882C2833cd62a233c15adD793dB811b708075,2
0x3F9d4869D78d34Bb5102A8743D236Dc8BE5703ea,2
0x21BF63C0418D4f1D13f884C50498B2259B321b43,2
0xDC02781Bd75Fa9102E00440A7E6176985430074D,2
0x25009af23C98A4d15376E93441c4A444f76E9bF4,2
0xc1577B7B7A9F7E7Ab7F4135C5599698FA6142BB6,2
0xf87151D670BEfEfBE9E0FF42709b102657CD110C,2
0xab15F9599F07190b964a9E87b2603b462c409cb7,2
0xc472381F5df94a76F69EeCBeBbd4A991b7De4Bf9,2
0x63fD5d0BA5CB3668C2C8A22629c3dbDdf5b5208a,2
0x7d5eE42451B22e1F5DAf8876a673C3B00999FfAA,2
0xCd0A87c465F768CF17A59E8b85691810a368e68A,2
0x642a2deCc241887927B3bE5a3a4f857f0b877ccF,2
0xf60ef476992C7E3415b951509EE5F0DE324794A6,2
0xEd9bBf4711Eb9b8EE73f2B17aF40606069DEF6e2,2
0xdBDfBC4Aa72482d68f2d54437b1037DFB3050C6c,2
0x97538e1a3821f3327Fe2a2fF4993f3d154f28B01,2
0x50ED192cbe8A4e0B5F94C1Cdd245a92F454b76c5,2
0x3E864292Cea6c7af94d902c4Eb3B8116A709Cd6d,2
0x7bae01034704381D3f7B09D3C1F1FBd17D71Acb4,2
0x92750F95C3a9036e4836FE3a64070ea46f8FDeDd,2
0x572669Ea66380e5eF0df6d0F768791d0f0b014a7,2
0xF9475cF515B5Cc2D252D633567Bd492E32dDae3f,2
0x47400da4c778655E7E8b4c72557289321Dff098d,2
0x0792E49693dDE0f434B69052138782Dc86c15dBE,2
0x7Dbf7b0dA0C7377992364990aeABf806B690AAbE,2
0x00694c3754BE9E16385e876f52481cf78Aa1B3cC,2
0x3104b1578e086Eb79e7FEa328c9C96cE5c292A5a,2
0x4f08De4c321C219d45e1304D371ffb7C7De78ac6,2
0xd58603Dc6Fc45E32A10510EFC181EcEeA5293fF7,2
0xF223560726cf3D74ef45468B15De72c405537cBA,2
0xC1846D9C9ED319ab825B93Ff373556f1d2206bB0,2
0x1491390fC8a78C09C1D2887F91C01BA85508a703,2
0xEc9c38f0A06ef3Ab2C549b3EB90c97e69E1E4E9F,2
0x6B2b94B69F03f3B3A917778e610F41F1318A5bf0,2
0x4f3a8e24210f33CdC86e4E759F4AF43EC39c3414,2
0x81315C54AA0E74bdE7b4C60Cbce3dac6F20f4625,2
0x2eCcfFD5c709830f440912ca911e37e6043fefE0,2
0x14acB3Fa3f52EFe9f66EA068b00b18083eBeF92f,2
0xe45075a19EFef9A46aBB8C82484780b1E9abdC6d,2
0x54B4B93E56a0C65B93CfDdb7327441661319ca51,2
0x560c91f40BAdA58AEB8f0f0607aD7aC59c578147,2
0x323C52594De60819F2009d54dE7d7Ad8D4b1a8F2,2
0x6a1FF2AaAab0837F940ED7471E16d84e8953A035,2
0x32dd05890CCdD06f0529704F81d7e580cA09e070,2
0x7415a096eC3D3fC08bCDFfa632DcbADb840a2286,2
0x1C28bcd3f0b3973da79170d2e836488b26AFFFc6,2
0xBf4850E4e8d6CD2319B8808b65bEdf7Cb15358d4,2
0xfd4f03ad7Da48Fbcb203E168526bB24ab698e6eF,2
0x3D31b6ECCd7A3109e8a497c4273B5d71F121dAd4,2
0x0bc661C904ee660424A888967192f0329602bc40,2
0x241D0009cB902C6694339b8582EE6E364292B476,2
0xdbC655C6d5188D9114E7bAA5a676767E7C34D68B,2
0x327362117B56E0fc84CCDA5E5e748A9515c30496,2
0xc771810bE685f5168A1B78bF3D6e978091601225,2
0xC4130e106837730560b534D64D488a502096fDEd,2
0x555CcE49bbBcd0143e14a44cC7cc6FbC6c761679,2
0x003AdDda0586e9Cc879CDC96C405af660250348f,2
0xAec1028a1EfcC54Fd702A6fB409C27acb6f71041,2
0xbeFe2497ebdf0C2EE8f49AB52dDcFA010dAAb3b3,2
0xb1A97A9070cFaa4d5653911E7D565E1EC819dF4A,2
0x95E8Fc73EbA479E30292b0C4b590413856eefee3,2
0x51D2bF026Fde1Ce087c178d9cE3F91FdEbF054E6,2
0x0EAeA94B84Ef62FA7E30624041051537561ea470,2
0xFED1b842a85B9F8402f716B24C2fB28A5BA42ebc,2
0xFEca918926DD029622Db332793b83fF1977af1d1,2
0xAefCDA6b2cF4EcC7A7E07099C79a729a7c8b91f7,2
0xb4fe2ccDa14c4f4695B542c144a42b9d6008309f,2
0x644e420066Bc23683AB77bA8250079C5BCD4dCa7,2
0xe38D5840A51F7dA315b085BAcf144969A8006E72,2
0x028e56Cb58F29Af9198E0b446a5014265623360e,2
0xB1F4a941b2B5566fF5c5b558FAbed425C4C59791,2
0x20313BF6f3071fAe1F44E23f1aED6950030BD1Db,2
0xf66d4094d0c66fC43494B453008f6853b4A45c89,2
0xCCDB88b9470bD14094B5B84145A4Ce122a1011d1,2
0xD2b4Ad96Ff7a5A908054f92799D34B4C0733443C,2
0xd8a9C601f340272Bdde86e563f2630f0cBDCD4Fb,2
0x3D635c7E8545710535544E816c54f82deB3BDDb3,2
0x2b3cF70D77052Cc4e352d6ebF9CE887B225413f9,2
0x163819612F2177b0C09900D8968Fec8F6222d29C,2
0x48E69842cB66AA608DfF749fC4db8b3a65d0D4a9,2
0xD7f2E2Ff25be8Af5E7fD6A98468cF1ec98248Ed3,2
0x854759239C4B9d1803718F39Ca9b40860d78Cb76,2
0xd833A278E58019d366470647B591020f60FE2299,2
0x9394d6e3c5cf44621a3f4B078F193A66c617A8bd,2
0x8C58C739cc456091C0D1CeE900988059b32F4b19,2
0x1321e8FE9b4E00cc75cF20be3815Dd63Efc770d5,2
0x414006661707a58cF613538439b7Fb50654298DC,2
0x38F926551456A8cf6dA4F0fdFb96B39f4C53db45,2
0x4215a881dfA38fA2FAced28778c9366eF3E5FBb6,2
0xB1AC95A15aB91E6746DDf1c1735F8E524aad8D19,2
0x8E16008198413A57e68Ac32e593F4Bf353f71Ed2,2
0x1604EfA11c5b7392BFd161f6194EB7d636e01C31,2
0x290dB8d204833eA62e25D581cBB472CFe09B876D,2
0xF4Cc8A6a89cEFdbdb515EaB3AC7d76C7F32BD61B,2
0xd002E731B302286009AbAAFD5E05A9853f5f3002,2
0x2B062E868df35D6B9749e3d9062Ab2313B3C1a5f,2
0xb357082eE428826efDb752af040cbF3Efdb84049,2
0x152d1F34210BDA2C1E5FC695E14F595322B6f589,2
0x37C3b37AfB28844aF4e43C89eD6264d7917C9040,2
0x6a1009D373d6B93AB1E9186042266FE7a7F2C5Df,2
0x552A24c832D49C17757232bCdF0343f7f12CCA6f,2
0x898036e0C87855758450e0D33a5195678BFeEa53,2
0xFeaCAF7B8Ce56b05D9cc9520f193B89cfA4aB51D,2
0x3CF0F00C2Aaa12cEEFbD6116073A0833508F8901,2
0x00afE19B88a3f1e4187Ba3B87cC117346a019A7E,2
0x279E03847cA943E6504f284f06b2C4B979ce0198,2
0x6322A6c40e8C62E63850E7B41DD95F1E13A3DAD7,2
0xA4de3ab4ba9fF7d7290F497c04775A0D4a40e5b2,2
0xB68648F2aA59875986d328bf6fA3BFa0d7B5190a,2
0xFDC47b435Bd37c6A93034F7F602580A5a52a99dD,2
0x7214B4ED1FF51245b4b8be7E00e7Ba36e3F9d0eA,2
0xe2cA5521cAC74d2Bb2ce3e1fAD79A1e71eE5b95A,2
0xA7067EdD64442448fc8e82904eC358EE4896E2e3,2
0x31cF3bF123087D012c1820f7b9dbEA246A6CB181,2
0x8137825b2f979998627129c2e9296D45b7833C55,2
0xCd02389AC7857Df86301bFc1fF5E0E29779083db,2
0x6A79BE56A33c4124A17dD88DEBFf888A460877E5,2
0x84543be6f080e49D85A242c155D79240052F98ad,2
0x39b45762265927f31b8A4C5AC4993f2EFC9fBc5B,2
0x9eBa5DE3f35D0aE4D75570A5710E4adFB366bF0a,2
0x768f7d4b5bd04CeB59BF30253F49cE3519C56D47,2
0x20A536D0B221218039d1B5B7CbC1765825a5e05d,2
0x80B21C49b2cB7b3D8956e028a7776DF7863f4538,2
0x2c9e70dfEB48aA32B9aD7DA92e79Db921819DFC5,2
0xf1653323d095392caA4f8787943D84b4690c5e41,2
0x073bd72a224946a368148399C1c8b558605D90bd,2
0x4913CFF514B8F77b0F1e89507E6CA835eFcd68f3,2
0xB5e84A47114628f10281aEe3DfbfA643f06d40Da,2
0x0FB6B07c2E7e9EaDa6548b3DA9997A19A9658841,2
0x451BE60E4F9A65daBf971Fd1572B1e6D5bF513F4,2
0x226a659EFfb7357f6D9027A10631e74AAAeD5568,2
0xe81aF6c6F057c99F6Adf38D2c891437b0F9Ba5E6,2
0x7de00ae41fF6F6C5566aA6A3BE3b8277FfAB5B24,2
0x24BACC89dBf3A2f8d2508F47Bb49Cf3041979Eb6,2
0x35A01B04cbFC1E31D837D2b7AA58A3bC01b8dFf8,2
0xF957a9B901C3c56cF441483a3092105Ca2b0ddA6,2
0x9Bd5C53C565b303d291542440e2Fd64fCB69Ed1A,2
0x021389A7784176D43a0ba233150cbd2B1F8f5C3D,2
0x2AC04E09e1aa339ce25CFEf14B090ED88B3A691F,2
0xd814d33467bB511D7Fb9A60cfEf05f1474001F0b,2
0x6B7d19dCaFc6616352e00CeCc6A78Bd47151Db36,2
0x9613d5e46a8aDbA9b3772Db2558F92171FDf84Ec,2
0x354082FB6804fF11AB0A4A93228929fbf3F4079c,2
0x3Dd3bAe2F6c8293736562b5F3ffC82B6cC170048,2
0x49891AbDC445B8f4Ff8aFA725854BAe2E992bBfE,2
0x52460CC48ca98Ea1312b12FD7f2F4a99ee252016,2
0xA6aC7f00A070c5e2a0da68C141365e8CabEeBB51,2
0x8FF26CeA4A2F298bCBe588440DE3ecd4ab0B0145,2
0xb863654B04ab70BF05792Eb02aD8753af9B1E090,2
0x7B2c8e6BcD579532f76E9A3125DfB19B181176a9,2
0x2780Ba529E1b7843B5A502E977d97705caf3D81e,2
0x191B9d502d0DC49deB19871CB96B8c53B01bCBC4,2
0xa2Dc865BC253cBf41f0D6A6E9c903dC3c93d19A5,2
0x8b6E3B8661E7e4C09505fEa075723E85f00b4732,2
0xB388233Fc7f3391C41392545bccf0909E5cf4b41,2
0x492b30e7B576aC749F2A398BC31F08d8436Ba504,2
0x8E50Ef920C0365dc841149060D8D622653Ad30CB,2
0xCe4A499559Dc85cC106C2448a91BF718F1F0F077,2
0x9d1D2b1c4DA3A828ADfd4803d8d52e3ea585A743,2
0xe3D871d389BF78c091E29deCe83200E9d6B2B0C2,2
0x80092f94F8D3f9048624ed68F5a0DaBeAfB9FEDC,2
0xf6651A1a437eadF182b900637a9Eb1A6de5Ef9bb,2
0x0d61f6f25E12d74B8eA7bC9A83526441be832F61,2
0x5e50Ae1beEAbf1FD0dCCb540bfFec84D7B5F1407,2
0xBd69cA588BCa0D58089166DfCa27c33b8A3689F7,2
0xbc425f7Fa95Cf5564830e3Fe234007583B730012,2
0xC17c0c622a2f500770666B9cD5A8738d2987e588,2
0x55937c43E5a30D9F461E21BB7325d5BD9057F85b,2
0xfdCC646Bbf2cce1c6E9b8441AB5706F7fBcD02E1,2
0x784Bba24aa4613485098c256046Eda38Fbfbcc3f,2
0xf70c59a9A73387f7eC7F46b5817a49094c84037d,2
0x8a48267e07B841cdf7bEC009cDd5e88eF2C61092,2
0xFb92c126F3a4df7a725931B8760ab7C880cbe976,2
0xF0d9669EeA2B3eF4956e1eb8BBc8542252ca2231,2
0x0172c057B707F91a8C5F42A4440a34a7aD5586B6,2
0x63E6555970A78fEb5302286De39eE5DCF04848E9,2
0xa1CaE067a4f7115d0B26a13840FC090B608d53e2,2
0xF9D04690f226Db920f135b01Bc315D513e406Bb2,2
0xCCD610B5bB21929bEAADd5207ACc7B90cc30FeD7,2
0x2345Dd504Cd09F6613Ac8A8B1D5c855315183dAF,2
0x8308e2C9C2Bd71547cD9a4882beABa16F41aefF7,2
0x014B1ef8C2F8Fc482e2C7078CAd76d728C16A925,2
0x9d5383C3Fbe40BB9fA7B9191A8B838b902213A3b,2
0xCa0579cE434F51AE862a1d411BC28bDd4e2EB7bF,2
0x5D0Aeb8EeB92741961AfA332F880917f104fa3AD,2
0xBE81943CBF5e24B615407d035AFf451bFb2e94e4,2
0xFD7C36b8C3A22Db47Df585e4Dff840Cb9dA1F92F,2
0x44e4cceBba24E48B3094FB1a9bd944ABFad29ecA,2
0x47a3bE23471eF3B638d957B506C670Cc4DCB3CA5,2
0xDdCC66a0532AAB46848eeBcb17EB2DeeA2248c7F,2
0x0364723830e1ECD45A3695A3f441bEf4370F9034,2
0x5df635a054aDF43754b766F32013AD86bA423e4b,2
0x4361b400C014d97b374662c7c3d7Bdaeb528A775,2
0xA111330ecF917e91c4089c4784c361e655a4731B,2
0x49E4109ffe2613EDfe479010AF66B6670468722E,2
0x58975E857E146E7A0015FB148eC2704111439961,2
0x64aE8c704BcF25A85078f31986043D425d002c0c,2
0x1d00Bf3eF4E86ED5b3D05B534D19608d4DA1c034,2
0x9c4911B4C761BF10E3943768005d900FB2965eDC,2
0x97f763Ca5898407541f3892a0eCCFd1f9d51Fd46,2
0xcE19f64C11012Cd51EfBB28278424b23fa0a1B4b,2
0x91F6eF04Ea5543250D99119cA440090D2238Cce2,2
0xF18472C8bb81Bd23d7C749Fb060805a052E3eC8E,2
0x48e19ae3E4a4395036288F74C970783Ba00e097f,2
0x200b84a4a15aD845edB8Ce10a4eE527ee9233f3D,2
0xEb471AfC9c58F32ce0599cc694315506713227A1,2
0xb31fA645F3d92f52Ef76bFF1401995306c6dBf57,2
0x4FddD3ABCAf4eEE299D2CB877A1Cb026627066F5,2
0x9B843f8f7469771665dc72f9790C63d8d80912A7,2
0xF193ed9037a62eF19fa88c2666861E438851bA07,2
0xf845A40a01763ba1b83462BEeCee331bc4653ED1,2
0x6D257180F93a72e18adE119ecA150F6fA9813Bdc,2
0xefBEe49244701f596E49FB649b46A8853f085020,2
0xF6d4C06ac39Aa51569cb3C61F2B01c836a145Ec3,2
0x9b31d857eF210Fe5e3199ef169f9EE455a2b65fE,2
0xA328bd685Be8b45C1e940AADFA0dA92D336Ca49b,2
0x5A73DEdb8256EDa3C0eC62f88485E3B50C29A17D,2
0xC67823b71200391F72a40D827f7b0157E49c62b2,2
0xa8F998fEd99CA231F178EF83619CD1846A463A23,2
0x78fC611C78E42632Fe4834eA358c5B649480C83e,2
0xAC390A5FAf8b22Af31D374FE7b47EBef24743Aff,2
0x93adc2861957f1eE1ef6867d9E857E457c6e25E0,2
0x24E5370B8B315ac5A94Dd79CDE0608b42FCa27C2,2
0xB9Bd152755d3E8a1C6DC09D3383D573e0668045A,2
0x8E2F9aD964eb0e40e833378b246fbfAEE2Ca6c44,2
0xA6c309310540Ad5dc502dC2CFeA011296Ce4e5f8,2
0xf494CC00a9cd6ddb3F0aC195304Dba3C84AFc365,2
0xdf3fce701F9DCAA15dAc252b7Dd7f1F235E274c7,2
0xD2A692B7aA059e37a982dfC4Af1C86B7EeD29F42,2
0x9C68cb191A99D1ED1e9055226b5d97EB3E7d6c1C,2
0x86F1EdBBC7E2f67c85E0fD88cc71C35d03D820f8,2
0x6858A4D8d7D0297C138b403B6A34cb3b424B7f4a,2
0x9D3714cCEFf1e57D9653158c877dEF1E74bd6f20,2
0x5e15e09815e2135f6a14bdC0d431d39383bB4956,2
0x3bae0F9811fB3869267CaFf8B5a1bAF00a352935,2
0xAaF48B7705Bf11f95D439d45053188D559a33983,2
0xa4B721587c0254bb1D5Ed43C13eF01Dd01332C41,2
0x94cFd131B5f12a2a7C7094A6008bD9a509EeB355,2
0xC167174A8D96324F18779d3D0F1d2C60478392A7,2
0x25dB7a21C8842B0c4819C15e4432b7C7766890A6,2
0x09bf438b8125E16Ec5A092403DaEdb719FFbEe91,2
0x3D366AbbD452E911e52ae8edE980be94eD2C710f,2
0x0Fd396301c2F65245c5656a3AF23270059DF8A23,2
0xD2c1562D05E8306d8660e9E8311Eaa0201bE196c,2
0xAEf6359115E524faC40031D662D614b06b5f1Ee7,2
0x54cd0D24b6B1A69638F8Df39E2C09668dC093ef8,2
0x0F9Ec279D6c990493805391ed2a7Ac6fb89eEe26,2
0x4d699138E3185fE5DefA19b73aD65774bCe001BB,2
0x5cE84fdB8a13B1C6378291c993543ed4CfD4A831,2
0xd5C6bb3a076Bb5f5888F3Cd8D127b6EDD1cAd1a7,2
0xa933b449f766e14CC30BAbF6fbDBaBdF419baAAA,2
0x632F4FF4f94951d88bE72ef368D788c66F38a088,2
0x378A161637E15cD1965611707D32001eC444eCe6,2
0x500799f9Be283ac2f4D035c83b7BcF55D9d24245,2
0x1ec34DCAe202DBa14eC450B80F7450d3A8511785,2
0x7A8E04703202928F4337936183Cf067728624646,2
0x1c96e6437AE8E6901657dC63F84006192423DeA5,2
0x56a3291498763af85013C4A69A56A21aa7eef77E,2
0xb90FBD4830F7a0B1B5163c587ecBb560F702f606,2
0x91efB5d3ec5Ceb5A8416ACa80213D39bcE4188A4,2
0x306F077C2FE95F9f8c6B37fF102757DcEdE92D46,2
0x81E46280E4d699F901e28E886118013841113767,2
0xBA731D1A58f2ada67B79517Eb3b8BA1A61D929dd,2
0x7fd8997aa473a2495aC35daae09cBF56C5AAa6F3,2
0xEC959A37637236210DD2aCd3A074ECC6f82234d2,2
0x8A3f2aCE8D16b437F89eF06bB45602E70Ab87a00,2
0x29445356e41af0232f33c2594CB39b9e20D72341,2
0x0cF603c60A2C058857210cBC539F19e48779B7Fe,2
0x891028EA3931398458615cC504Bf78A146CefE1d,2
0x937dFC517044D03953c469dcd18E2322EFd49972,2
0xc036bd59C47207c52187D2d25195D9219d7789f8,2
0xC2d118937292ed6614Cdef46ffE336E40731a7a8,2
0x8e8547A9FdBf3E1357FFd962a2caB58d270d4c0f,2
0xDF4a612ebC3A4135D55b576bbB6b78543c8Be261,2
0x8CE89035f97d61fC4493dc2f3f8De717e961375e,2
0x21584c9CD0A81730c585DdB80E79Ac8BFEb97cd4,2
0xd3D30E11c39D97F2f68DE8704E1a3f8FE6240F6e,2
0x28a0EDdb814Da651c260e9EAb45CCbf75016a4CD,2
0xa6e460fB52542D1F22C78C4041C6f10a546C852B,2
0xD1d35775E3d5D617a40d87cCe4417E6AFddf1Ff9,2
0x490D362241bacC1Fad614d48f222Cd614688745D,2
0x2a4f13E61913F630a4294bbFa5c5632df44DbDEd,2
0x14D4Bbd7E540E12DB831D337f5938090bd97a18a,2
0x4a9843121F7a347CF2FE12D945014C6AAAB98058,2
0xCb59967039760B7A2Be7c3d5741Bb9bE8369CE1E,2
0x94b5FBd09df38dA14B08B9be42243c81e1b704dA,2
0xDE43aba29De4F21412504fF549A5D6A305D690D1,2
0xf68d5daa3eC92B7E1a6f069a19C7b537a8A20261,2
0xAaADDAc837aEC014FD1b624623D1A1310e5b4332,2
0x5Dd10214dFcf9561FC8E16D9CE8ab199d1b23CF6,2
0x3e4E7803B466557C631064238df410155Ae4ac56,2
0x8EcA530799eb3777aAeF88EBBD5553d585e46c0e,2
0xB7b607Aa70Cc0b40645AAe0a5750cffe86e32ce9,2
0x796579B76791275613E543ceEaC24C07602399E0,2
0xD803F15077312A8Fc0b0d6Fdba82056078034125,2
0x4E2d8B5338348aBBFD0f05B32A44500b27B790b7,2
0x65C01F77BF66aEC8559b636AB6655ef36aC25294,2
0x462e0872E0983Edd6a0418B0778268a42c4e036D,2
0x077Ce93004A560c3240A00594C09e3850f181566,2
0x344d2b8221c957847DF00dfA350F6A592CD9B717,2
0xc63953f0b0e7B73F336f0afF5C1b01Ce54Cd52d3,2
0xa7A2c72319B197c3e12385ba1ef01507c2B80bd2,2
0xFd458ABFEe81126034799F49bB35B5472F7725ad,2
0xd020DcD3ed9A57554D98EB29C91f1746b40d22DC,2
0xcDF4C6403aD000Ba13DFa6b931E924A5f50a106E,2
0x6C19E00F2aEaf17b9e2Bd150D4490326bC0940a7,2
0x0A36a74B4D2cB81253Fcbc24f1d2C1Fd693f5fb2,2
0x30fABDd2bD56eEB63A7a3196e6c629417651b6a6,2
0x4Bd17Ce1408527142C452E49f43A3bd64F437d6f,2
0xFD90a7b54d830Ef8a6D5636F62034D54A6efdA94,2
0xF3B631773fC00e5c598393434b6ef8781B8b5eE2,2
0x71403c8CdBCa5ACa8F828005397c273aAb31756B,2
0x2F17bE553Fb890b1d8E910B8263efBbc836F6db9,2
0xE3063374151106cFcfbC8f34a213CF4B88B425B4,2
0x5d3D91e29C843c2e0123531284E93A8C843F1B79,2
0x44686173ac5B0052679cBc4eC9Adffd16808dE27,2
0x135d94fca9769bd38606F030c079cAE200f29E15,2
0x5bE3Cf3B70a9A7C4Fe61024AeDBd3Fa4A175B9C9,2
0x665d402f9773A53d6Fc13EB504Db10C7CB9170bb,2
0x520Dd0BEDf0DA4f6Bfe0DA6a30CC3b44FAEB710A,2
0x5026D3972ab20BcD6Ef73D718dfD1F68C2e58297,2
0xd54025b854A850077e55AA18Da6F5465134c6192,2
0x852B888C15A64d69A1Ef16d26A48C1a1C2Ea4Ab4,2
0x8e8Df6A0cED9830AF7841441d401f4c02647F940,2
0xB732cdF10883d366534d5BB3F84021c6F39dd52B,2
0x07A665Da82edB0e7D6bae996E4A63111079551d7,2
0xF2584A55e8F4d77bce07251e38f13230C1BcBa9D,2
0x7368B89C3e1EFd216EA271a0e1E1F0e0d7Df085b,2
0x16D30d38ebE5E7211D5382B7F6d3364E311baDF3,2
0x4bB557bB8255088A1324288b1Ad36F84e97fdaA7,2
0x4b97bE965B38c20b7e6C78c1234aC7E13fC2C5ee,2
0xa6c15ED73908840209C20C75751c8076bB883e1F,2
0x504cc682b41f21A99e46C4C8312c8F340A103B2f,2
0x89d45aC6F6bA04Fc2B5e7d249bcfd880e7EB7b8D,2
0x59E40d2901Eca537eDEbEB297dAe7DCf6Ec3E769,2
0xcDA447D651904DA714BFfB1C4A0a77ec3D0D19D1,2
0x59139d70FF6908b25C90f07B924CA80C51C43B2D,2
0xc62010B3950B490f69525c756CDc17316f465264,2
0x3dA2df92e0F0D316C856432AE802C5C63BCB47bf,2
0x17cF10775Dc26469B9Bb4DCC51ca30B441eA9a44,2
0xAb69Ec70B0Fe3A0C9F83ABBeB70F5dBfbf8D99fd,2
0x26b9F496097bF018ec085E4c23809868f09c409F,2
0x351cc3787c7EbbA3e530788746049d2664384D19,2
0x534D64EedAf8a82fD555D9B4082eF8dd207Bd9dB,2
0x77d5b76702608a59E848E3A416fAa58F1177eE97,2
0x685FcAD272d737Fc2A484A7be71c5cD8d9949cEb,2
0x7f0d1E68183C1694F428BDf471DA500D19EA0f48,2
0x8fF487ceFb23ea4E26984F00079559a9E4c451d2,2
0x734814ec924F5Cd96Dc680c5d0d3a3D4331b225d,2
0xCC259812fFC03c2eDAdB56c0d9897e18bA46ff66,2
0x10421B0362824d4F82CD5c8CBadE9D7389Fb1464,2
0x2D56F1dD1f2DF324c57457F0134a4279d76b65e3,2
0x32f3B99BFb91313310346CeBb5D9782D198dd1D7,2
0xce9b2365A2ffcB47260698965c1b89E5498770aB,2
0x1Fea22fa1A2bf9A277bd87418251475fBE64425e,2
0x73a283Df7e848b1AF8A58e327c9A0D876F40FA4c,2
0x29F2E1589F6C2fe231A33C458f1DA786509449AD,2
0xD4BA10F4dD5aC8361e32fC6cfdAc0E72245807eC,2
0xC7b2E791ee0491C8DF611d5CcfD87B17a0cB9897,2
0xbeF78e9aEDAD0F6fc67aA546dAC73FCd429CAD0d,2
0xB25EaC0EE5776B4f77e6C4344bFb2f4446beF463,2
0x75c428a048CA308803C276e07A01757b8B69Ab01,2
0x9aFaeAf7baD7349b4B992EB5505A9660C1A8A5Ce,2
0x7d7a19C2561a864f518B8CFAa89E2522D7Ab2DAd,2
0x268703Ed376f7Ef210bBa3A8C4bc7B75AD63C630,2
0x66957f445764f63D261bA270bE1422C4A1E3E131,2
0xD462c0Ed5DED9A92ca71c4729dD8a97705f6764F,2
0x5Cd6eC6C709990447EEa61040CAC9079e8247Af0,2
0x26925174EF221cC92087B79E7E646Baff0825A08,2
0x7e77BD0e63ab0b9b0a1935Df2fDf8fBb85A228C0,2
0xD779a7eDEcdd3841C48933bAefe6A29CA52DfA3C,2
0x0aBA973bA5Fac4Fc20c3Ad7047fBC992611583d4,2
0xcFea7E948C0215e46DA3327A8b505aC1C2CAE6D6,2
0x8A5456f14CE154305367754574C1657a500783f4,2
0xDd74CF0Fde08Dd4dE327ef749d126AD8eeD5Ce33,2
0xdE28390fd2f40252fD4Dc3869315684b9b0D3F9F,2
0xAd166ef795b8aBED78E77A822eec2E26d4324a3A,2
0x2Ec0857CC624E69cdaC4e32F76185B59A5271F73,2
0xBf6b7b6a8a49C22C865a92DedDF1E731Ea7d10d7,2
0xA55067765035dD0D51B96dacD86eC0E893e8069E,2
0x4Df74155F5C08Ac63aA6133c6E2fd08A5F8335BA,2
0x93C40eD14eAaE6C5edf92E73db5aA5dF146b01F1,2
0x36A848416Fd59199862E6062cd478B4E97F818B4,2
0xdb6C66aca162d109304d59203E035F89708Bd5aa,2
0x289a02eC10f192421810baD7dA26f911Ba583d44,2
0x2F9CbF59D331187cEE2140c3ACe7067B9E8ed104,2
0xE431369b9A412a32035f01f62bBFA8A651aE9f7A,2
0x97f156Cd2542629D7ce897D7a8d4966233b1AcC5,2
0x560e1C866725eDC4C3AaABE38683A7Ec8420C31F,2
0x9ACB0e05FfA9E08777aa4dFB3c2C77A58103F6aB,2
0x2F75325eaA6A1aED5972e8d6bF40D536B4C545d4,2
0x0111ABec006bcB8245DD0913E3ddf4501b03b8B7,2
0x0fbB6aadFdc2d7CFAAF13b1a919FD6afcf23937B,2
0xaB5B8e6178a5Dff8E759Ca7D9616C7D0Ce0eedA4,2
0xfAecd17Db06171Bd417E84081311965a04fB7125,2
0xD7490fB6E984a73d1d04214bA21618F22025C5d7,2
0xFb5A029199515c57Ef2FE61E2fAB881c74BAfCbc,2
0x74cD1fCb96C02E34118cb7Ad0B94797f97F56717,2
0x99A07F241C8f50eCd18Ee43102820174f624ECB0,2
0xFCC344466638f34Bcc16BbB02ACeDc74958c663F,2
0x7fb785B47073eEbF8aFC05F4686dD701a215Af22,2
0x4a63E03ca42cc04e23ECa5B653c92e899c57F625,2
0x272C17a859feEa0B708b5954cB8c00ed2Af1E2b3,2
0x3069Af7f9dF9712C094Eb295332Ad8c8C5fF7959,2
0xBF9019f39B478938df968D331C282b06F7B436BA,2
0x86A1FB3990E291F2f38738c86D6f55aBB4F3cD15,2
0xf4bD058B86946dff0A6EF2a2977Ee4C40EFe8756,2
0x50b74b30fc5FCEEEf79a94A682724ee8bCff49F1,2
0x80578890aA3d86EF2d672B0abeB18997590df3D3,2
0x40939Fbb372D6b55967597f4077fD4F08a976AA9,2
0x50320bF71ede35bb843641a1c73Cb6478D27E0aE,2
0x3F1C9c323e3e56422FA5fE6dfB265202e212532D,2
0x8aA192f1e2523ed09b32638b16585Fb14903f1f4,2
0xb2c349bCC51E697a2898419D06D31935c5A9b92D,2
0x24cF342D37fdf88684fAFa9805fbb18104fE0E17,2
0x72890dB00E2052855f0Cb84dfcEfe1C83C5864F4,2
0x1a92adE6B69A1F54B45Fc9AF85197580C3f3cc59,2
0x2265B56A455f42B9949F9C29D85E17D257cA9045,2
0x1efb5ed58f9787eCF70724A7056f7fb950675485,2
0x288DeFD9900802Ce74C8E7A0650af10B267FFc52,2
0x9dE372EefD5924431D88b74d50954D22fa008086,2
0xBaa90b661e0F26C3Cf0Ce84a50D0d2b2F24AdfC6,2
0xac02e3E8bD30AE5AD8220267945416fFBB352D70,2
0xA9587e341B7E178D505F37cA42127E454700abc4,2
0x3B933eC0b868145Ba29A50c64e3C593C61cB6EAE,2
0xaA51eA1489CF5eaFc10D68B6AbCD5B6Bc3F4ca45,2
0x565b5cD5Dc2B19c64a659446b2EB01Cc398C3CD9,2
0x6238Dbad902d995CBbe53bbc0678F8D472aa7bf6,2
0x70dca089C0A9DCd6EB684C0098ABFfF4764e125B,2
0xFfEEbc42D7Ab353a5cb5cC47284fFDF2fdd3BCEb,2
0x29d1b045C176384abE102Ff1F5b8382024CB1ECa,2
0xFA321Bc51548e44C85f7922D51b146929A57258b,2
0x0c00233948C224830FBb5993d1c41095181A9558,2
0xB08669F723cB756aaAd81182467f3EE303992888,2
0xFA531d06E532F0E82DBc90cF8073E4A1394A89Cf,2
0xB2995373554f53beca8ea23FF15945c17115C50e,2
0xef664bC9783C4F09adbD708C51E682c73F19899D,2
0x41f317927168f943317A92384A15F167FEE3d8c1,2
0x6CcFea25C9a4FB6e31213020be7C6ED5A73fb16d,2
0x3EDf9E96a1204643ac2c163EBA249c1846bfB2af,2
0x6020103332C6eC6B255EdA18E981473F2D3A9699,2
0x7cEF6b5cc5eab1510ae038279EEc9cB57C89E691,2
0x013e4aD34427d9Ce285e43e1C76bb910409D7029,2
0x475Cce96552F6Ea23bdf7370Ffb9eb7B3e23b168,2
0xD5143032dcaA10af7146A4d4F2b53Cf0e26b69b3,2
0xF3256966a98EBe79975fEd98E636D6445021dd40,2
0x5F202eACC172945dc0f876C00eE0c12C97Ee8967,2
0xD8a8B038C1338686980A5309A1260BB409BF7e42,2
0x29168cce1A88138e9cdD3aEb509F1DfC6E21a857,2
0xa1a9De82ca71E9bC5C28e49DdA0D3C4F13773d2f,2
0xB4A3F5369830Ef5E95044354dA9785B7982cFB61,2
0xDd4790DFB25CC9BdE1D8CaDD11bF1D7b8b49fA67,2
0x2Aa2fBE2B1588606594FbD60266A16D481e1d924,2
0xB81045D286ed97E3EAf351e032350ed46042b104,2
0x11f265a2fb4D768597Eae9212dCd6f1b878417f3,2
0x0faCBd3Cdf1e8556c2408D9CaFE872E9f9A9eA1d,2
0x1ee99d99b2F68570980CF39A6901412384291070,2
0xfaF261Ac8394a17E47dFD3F997c6D454F90ED074,2
0x4FE4a43798d8CD9c665F59720BaA5091Ab864A21,2
0x074c9fFD5b2324Db3222f25213BC01d974aff0d1,2
0x7911ED1EeC934F1c3719D5C760c01Cf77F6f38F8,2
0x3Ca6eeB49B3c9de67Ca09F255d23649ade1e3999,2
0x8ab14cC0fE6859B0d74b4bbBEEe189B8FFDa6cbB,2
0x0a7693b4e0FB722B36C06Cb6E44b25582e0661B7,2
0x85E6Fa1b4E8D586dCeC55f94A3Dc512d0F1BD122,2
0x27D4D25755c581E263fdfB5F4D3BaE930E983ff0,2
0x4dD7AfA9C43Ea792E5da4C341054c6435c71c12e,2
0x6666510D002A58FfBFaCADC380fE1E6FD8e80474,2
0x7Dd7820c582E400De42229eF20388A540f17ddFe,2
0x217CdD80d8EdADbE192d9e6EAB2973f53497D79E,2
0xb6930d36edf46F686524a86F9CED5D7D0C931045,2
0xf09C6A6A6aB8bf88b81A0f186F100F29d1B435C4,2
0x0614B075568A23738A6f7ff19929353343B1C126,2
0xb525389a69d735464E0CdD7c3a23287B205fDFC4,2
0x7af2279050f8085b585415f6A05173925CdF42da,2
0x492f2A6DEb1C7E298319d6fFf72CFDde13B4cB55,2
0xe40bBd3CD595b1B834719c3E113ea64bBAc20052,2
0x0F866Fa28b368583f04Bf7e663b63E3e2b51F9c4,2
0x6740888Dad1A16931a1dcdd16538C9edD8c5AdE0,2
0xc2d37c0D090EAb2021d917e616A8C5Dfc792BB9c,2
0x288A4e70Eba5d4f92e28F8CCc561E9fC947304A1,2
0xB1CCF2f5A4a87BC4C4e7367621D2a6f9D386880d,2
0x0d778766A717B48df689579ea0979b1e564E3122,2
0xc6fb417F62C3C9A6Ae67CCb2d6e05D26B8DBC559,2
0x25C713f41b03e0B28d7125D7054C9a5c54046Af4,2
0x2F6D316e2d6020CC9baab474Eccf86e4132BE2B8,2
0x864Bd6C4aE68b1205052B35aA10167a57e08EE97,2
0x868652499d1BC6204bE6D4823812Dc69211Ae938,2
0x1788285dcf1F93d912a98b315bdE81E6Cd4f2F01,2
0x5098a31d8b422Cfaa395e4d4eBe1236A0FD876c6,1
0xc047AC8BF1aa561b2385d39E129Aad4c27ea9237,1
0xe9fcD6A6F88A2FE2272E8e19A7c3895AA941dE24,1
0x42F826A51243e72DE658eb5274316F13163A9d84,1
0x30b33e450735Eb5A617C2a4B5C66323079730532,1
0x70B3Eb071B028C6EB95EF9643a6ecD3eAa823A10,1
0x73E9fc119F747a5B63A06F705fA5ab1a174B559D,1
0x383DE1D06DCBFc9eCCdb382be75C5Fd922662ca0,1
0xAcF74edE037468B5aaaD437fE8691E7f5eBF3441,1
0x94535DE0Ee84f36343c539285183a98784f5257c,1
0x7ec9932e7De1Ca2dC93A4EdF382ddF2e5D50a1E3,1
0x9aAEA1C9093Fd9524cE54E64aA8dac40c7957c81,1
0x4061cD993072CC4Ecd092beac12F2965dE04ff72,1
0x7B4D11a3E5eaD71AD66fD70eff0Be1a5DD09336B,1
0xa843aBDB5e6F9df9daB95dd3d3FEf26b7C670f17,1
0xAb58368030B5cCdab8eE94d5F1e626E75F546A3f,1
0x97AbAcf54bAD03f0Fdb5a9aFC6BC48826d2807Dd,1
0xCf826B96C2Fb888373A77c3d327b3F19aea01a21,1
0xF33797902a452D02F06d6EEf1ADf7FCE89630678,1
0x28fcE3C6e4F6C0077c09A77186481187Df15a030,1
0x66842aD563b4881d40A5003263Df36354508A5d0,1
0x0EBA3c1E84866A65D99B116b2B3EA4529dA8916f,1
0x560545E7f8A76D47056e3928abBF44D4432afc2D,1
0x656b51e1CEaD1d5C2dD64fA68A76aFB7eF91a528,1
0x2C21E5bDF5A29C6D6Dc89838C4815B539f9f8B89,1
0xf088A05e925132648d779F47c3AFf4992054Eb41,1
0xe1157Cf5aF52605b07342613E568267F69025D80,1
0xcB099C6f758259BB859a8EfeDC7E013B3b1ED09D,1
0xdB75103d154F190734cBb4409d6Fe71169e2F7D3,1
0xFDD867CC29822F89194F0F9c089f9903183d5423,1
0xA1bF0B4dB89c0dE39d01d82Df30946BBB777497A,1
0x76365F27a33296951De6207a81eC53d5305d06E7,1
0x5a06BA2C3a18c5d1876907d53e757eEA1ABBCcC7,1
0xa3939CaeCf3f7846CFeDEB50ED717c628bf23193,1
0xA12E8b11eD7a5Eb91085c1ca5F8cFD6BE3d26F31,1
0x4f1A185c97e6CBE4AD6Df11342B7FfE71818ccBf,1
0x6b15dfffa58442f2F198F4C0a9E2525D4E53E206,1
0x2B39399cB22f7E2e7b450196f915817DFa6E976C,1
0x9af6f946d80590E67E16eEC61360E4A7a92c76B8,1
0x23D87077274CDB2ADCf2D514e9d9c01986435E46,1
0x1cd9053C0b9A4275Eff8e504d0bc8518641FDa50,1
0x31a224D9d85EAC877D2A177ce8F84421A086817E,1
0x6faE2d8C135844f3a3B8328faCb1AAD709Ce6Ee6,1
0x6D67d7C698206857689de8EC6621d60cd6A1D79d,1
0x587B1E3D880e521862A868eb62Efbb34956d5e99,1
0x3079F63Df53bb3443636A92eB1768efe37E21221,1
0x032DaCAdA0834E3239662ED4A6EAF038260B6920,1
0x957A591c2aFD9732758652263F04e81E4b90F381,1
0x881F911581A2B22D515Df00398dD5A7d108755EA,1
0x39ED5B001454806631647bc38B70E9a25F8fe0F4,1
0x31124dB1022935001D8C7638b8a5FDC87C4a12Cc,1
0xbD4c5C87Aa9B010D6F5a329010b6D2D1C6F2dFFa,1
0xE647477D95E914b94a1c20088304C6372dA01d68,1
0xB37Ba3e36Aa4Bfd446856b3DF6ed810B7EDE6327,1
0xF4b40B20572D117EAD7b5ca3C7eFf7d3CBdC4067,1
0xb0a8B427EE85f03bfa78D278CCe007Cd90B31AAb,1
0xa86693888186C3F4632f7EF237ef61C68e983443,1
0x26F381180b6694A516D7153504aF4f4eB15A3F15,1
0x65aE86E279F30fF0CB970B474E9e92E179Ae123f,1
0x2B627811B0C56BBBB86195aFfAE6702242cF5c82,1
0xB73a62Fd2952Ed68243cbD338a1205a0cD68D300,1
0x17e78bDE92C171a7D8B28D9290d2F358755BE109,1
0x60a151d00B592ef23d6Fa85E9ff3e7D9698A63E6,1
0x3A31d118D3869c77EB75A60B3525Bde9eCFCcC20,1
0x6D0CECF442ad3aa5292c09E5843a7ABc387A8744,1
0xb50a04b2AB02f88B20B75c82ec747143FA84f84d,1
0xD391BAef620fd1B913383616701F4A0607EfdA4b,1
0x1312572Dd2322eC143b56D5f2aA2e755E41BaF35,1
0x8B2D84AbEa4De54c8dDa04537730948d51358788,1
0xF3368E25DF2a1F8a65E7b53F5b065F3C788E9261,1
0x57B35Fbc8419b07216e00B9C3590C9135607c4e1,1
0xbbE79314031A1A5cb5B74a76Fe7aB5B2f4Ce501B,1
0x84D5898c6EbbB13AC28592C53096E5D43b1aCc0b,1
0x80dc5bB34A65E57D34471DE60Cb60bc95677F613,1
0xD621adA07642f2029B6852d68aeA62ffEB34FCf7,1
0x0e489f7CddBFD9065313409190573fB3d6681121,1
0xEF81166c4780732aC827577daB99f58Bd6F8BD57,1
0x7241F8C96055EA073630fcAE484104C4590E2a7C,1
0xcdE212c5B66cddacd470C1aD045eA826fbbE486C,1
0x7af22ac600B0F2602c96a782fd923efB42E049f0,1
0x1e0a32F18c1E75BE00B2A2D118d5278714755D17,1
0xc9A6CaB0fB093565C490826f0d6EA5C374251933,1
0x960e830E81c4B41d4Beabf6CeEab7C54b9ACD017,1
0x134F5a1e7aA655CE6104694a59C58E23cb28a9d8,1
0x8606D9A8e219CA642E27BA44F0e6B12eFA1E3545,1
0xb2ffA393F0b4072081eB2738EB8340bF877BaE38,1
0x45F5FFEd45aA4D8384873EDd02ABA136A79f3eE8,1
0xD960650A583F5d18D3e29A1B8d7C382CD515b9DE,1
0xc6F38CA3B9F12a7C9B17c6d8E832779adC4F548D,1
0x7F54dC6e8F6009b976D5d32b22Eb6e786614D46D,1
0x9C358ca45B8991595556Cb7c9d34Be0F0Be9c9c1,1
0xDF7145780ff2D89d7904Ae3E8fd29869EE02417E,1
0x0bAEa6C6dCE4B98EDEF16fa6f5AB95ec332C2e12,1
0x0ED5186dABE61C3c601702Cac2dD8Af4DDcD1bc9,1
0x25D165D33f9F3f8e557422C1FBE8215889f4DDbf,1
0xB3EF181D98d3dEA7c72A84ae185D77038E40C1Ec,1
0xC345D9D3d5E55943B012258e90D2E41b8B134838,1
0x0D12338EA5db8c1732eFB9031cA4853C1128B1f0,1
0xba6C7A241bF13319E9aF78422749754082d8b75E,1
0xfE0b1fc5a435f392d89749febA0B3DBDd881Eb61,1
0xEb4dA3e0988d8ec97498bee7783FbeF14E233b89,1
0x7bc221b7b64454b88b1Fd47fF6E489a37cd15B2d,1
0x9b5508F5d0249935edc4af6dF114A87372C40c82,1
0xF5cA276e69bc0B24056a5d30f8C9cDa125FFb8d8,1
0x2988cbe3840F4DCDb81567DD0364935Bc29F8295,1
0x8208E98690c2c030aa5E8426a26b7B4432B098DD,1
0x41477A57A8916237A8ff512bA3D9bF487D9cbb79,1
0x5844573420899b816f6Ecb91dfbB26D063b3f93A,1
0xbE647981017608b18762dA9E322b94343952a204,1
0xE29Cbed178B7C42Ec860b46e48511aB1F4342c55,1
0x403fDeBA2fAEF914c2aB60318D122ED1F78c6400,1
0xB9d055e3c0bdbf16b22E369Af71f971e1EB9Fa4b,1
0x194523C2F19553f65eDb9cFA77CC0C4C037247d9,1
0x1500d5332F828aC09CE82433CF8ad1CF613b3d2E,1
0xa898EF55DC7327A35fE72129837E6adA6A5583B3,1
0xa64591561Eedb1f17c58BC3C22990627d6E44a0C,1
0x3c2b9d1D72c3ee93F00164b6946aDec69d56AC20,1
0x5F309A8a3b3070188e412772D62F0dD7A72b70b6,1
0x483F6e10c97B17b811Fb692B9f058F8a7d7b40fF,1
0x07029499D002f0BAC847dE418C26Ede67eCfc9F2,1
0xeC5278471b2Cb46A2BB8701D9bEC18c2d1A3BA2B,1
0x1A80638251614BfCaC26a81b370eb157f3aa5E50,1
0xAe23b7464A379db52F7301Af0b2086aA4821B7A3,1
0xA1eD4ff7A380DE5638c0635084B85077E9f5092e,1
0x372200ECC23938a0f6BabE714696BE585052527E,1
0x21e9Cfa5B08f7Bc37188Af33F0E610B2A5238c3F,1
0x19642C26314F0B90A36D19097114aB5F15Bb2041,1
0x384a472BcFF3ecbF466eCd02490EcAbEc1c00178,1
0xa21D1D4880a88449d5D4e47e2Aa771da33efC7cb,1
0xe31c28efc4b2385Dbfb9985D1Db2d4707B2de3c6,1
0x599Ce1287Cf106a48D1b3E9777bEf005720DD7FE,1
0xd3bad3C1A98e4D10d89b15e40b67B93Dfa78C494,1
0x06AB16c6E83671013734497D68BcAc901eb717f0,1
0xcca37eBcD8D964040a4a8735E9e804cb1eBCb34E,1
0x299EB4f17E649c226fEb77895C5368bFC4B2403c,1
0x6EC64b72A780A392eDDD6B992BFd0a2F360FcAfB,1
0xE3A5fF3F54d9CDc1454C0c0309687403d8d37177,1
0x994F9939795698259bE90061d3755651040be4A2,1
0xB9Dac5C3965e5C582faDdE3B383622747b22E1Ae,1
0x43f591061e0c77f6cc4B2f6539c4e8A1f9aFFaa9,1
0x98dB84A93cf9E69eA09806777386f07d70CD069a,1
0x23802F9121F560178195dEaa9d8B87d77853D332,1
0x8EFf71bbC715Ca320D1E41c67D9D5ABE9aD31fd8,1
0xb0C0f73f84CE7355E755846C123f0a5848304B52,1
0xBBbfde90760baD315837b5ab19Aa24C4053B38e5,1
0x5408993d22a7c74f87903b4fb66047f4B0fCF9D9,1
0x6f38eAfF6AE2F581FC4Be8D02054a763C077b59d,1
0x052D127b07Da6d18182B8DBe96bF2f814f74F7a3,1
0xC0b1458c2A8AD6C8bB427E4d743A023780E6E209,1
0x4D7Db45a23609b8aE44640FA6922E757B9543840,1
0xF21cCfb680F04e16D20Ab8af501d06198737000F,1
0x5d9D1d68bD90e3C06087c72FB3bD5C4204979813,1
0x4000702d65B694a4777B6f1CF6FCEdb10E7e58e1,1
0xB502AaEa04Ce3986Df0fF802E28050283FE23bd2,1
0x8F6976c5d36458e8c493Da874A2FbE3D3EDfEd53,1
0xDA3A6A5AeBEE35d9fc24AbAC683bD8ed60770A34,1
0x7f3340A43Eb1ad35D0A2e492ac1B080f6528b2EB,1